-- phpMyAdmin SQL Dump
-- version 4.1.6
-- http://www.phpmyadmin.net
--
-- Host: 127.0.0.1
-- Generation Time: Nov 07, 2015 at 03:59 PM
-- Server version: 5.5.36
-- PHP Version: 5.4.25

SET SQL_MODE = "NO_AUTO_VALUE_ON_ZERO";
SET time_zone = "+00:00";


/*!40101 SET @OLD_CHARACTER_SET_CLIENT=@@CHARACTER_SET_CLIENT */;
/*!40101 SET @OLD_CHARACTER_SET_RESULTS=@@CHARACTER_SET_RESULTS */;
/*!40101 SET @OLD_COLLATION_CONNECTION=@@COLLATION_CONNECTION */;
/*!40101 SET NAMES utf8 */;

--
-- Database: `lumibella`
--

-- --------------------------------------------------------

--
-- Table structure for table `activation`
--

CREATE TABLE IF NOT EXISTS `activation` (
  `cid` int(6) NOT NULL,
  `aid` varchar(10) NOT NULL,
  `created` timestamp NOT NULL DEFAULT CURRENT_TIMESTAMP,
  PRIMARY KEY (`cid`),
  UNIQUE KEY `aid` (`aid`)
) ENGINE=InnoDB DEFAULT CHARSET=latin1;

--
-- Dumping data for table `activation`
--

INSERT INTO `activation` (`cid`, `aid`, `created`) VALUES
(15594, 'XALO87VBH1', '2015-08-22 06:39:46'),
(19042, '3CHVX502KQ', '2015-08-28 15:10:58'),
(111236, 'PSPAM4QD0L', '2015-08-29 08:45:21'),
(206542, 'UE60AVGOT0', '2015-08-22 06:34:41'),
(284210, '0SH74X4ZNF', '2015-08-22 06:40:38'),
(291809, 'AIC772VVG7', '2015-08-22 06:42:30'),
(605743, 'R0YEOF6MQR', '2015-08-22 06:39:31'),
(666961, '3KR9NFJJUQ', '2015-08-22 06:38:57');

-- --------------------------------------------------------

--
-- Table structure for table `admins`
--

CREATE TABLE IF NOT EXISTS `admins` (
  `id` int(6) NOT NULL,
  `username` varchar(225) NOT NULL,
  `password` varchar(225) NOT NULL,
  `created` timestamp NOT NULL DEFAULT CURRENT_TIMESTAMP,
  PRIMARY KEY (`id`)
) ENGINE=InnoDB DEFAULT CHARSET=latin1;

--
-- Dumping data for table `admins`
--

INSERT INTO `admins` (`id`, `username`, `password`, `created`) VALUES
(37139, 'lumibella', '66145e22596ea2fd75e47cd0295d6898', '2015-08-17 12:04:06');

-- --------------------------------------------------------

--
-- Table structure for table `alerts`
--

CREATE TABLE IF NOT EXISTS `alerts` (
  `aid` varchar(7) NOT NULL,
  `amessage` varchar(225) NOT NULL,
  `adate` timestamp NOT NULL DEFAULT CURRENT_TIMESTAMP,
  PRIMARY KEY (`aid`)
) ENGINE=InnoDB DEFAULT CHARSET=latin1;

-- --------------------------------------------------------

--
-- Table structure for table `brands`
--

CREATE TABLE IF NOT EXISTS `brands` (
  `brandid` int(6) NOT NULL,
  `brandname` varchar(20) NOT NULL,
  `added` timestamp NOT NULL DEFAULT CURRENT_TIMESTAMP,
  PRIMARY KEY (`brandid`)
) ENGINE=InnoDB DEFAULT CHARSET=latin1;

--
-- Dumping data for table `brands`
--

INSERT INTO `brands` (`brandid`, `brandname`, `added`) VALUES
(122532, 'Armani', '2015-09-05 04:45:00'),
(329126, 'Gucci', '2015-09-05 04:45:33'),
(537122, 'Lumibella', '2015-10-03 04:56:01'),
(598817, 'Louis Viutton', '2015-09-06 06:16:17');

-- --------------------------------------------------------

--
-- Table structure for table `categories`
--

CREATE TABLE IF NOT EXISTS `categories` (
  `categoryid` int(6) NOT NULL,
  `section` varchar(10) NOT NULL,
  `category` varchar(25) NOT NULL,
  `subcategory` varchar(25) NOT NULL,
  `added` timestamp NOT NULL DEFAULT CURRENT_TIMESTAMP,
  PRIMARY KEY (`categoryid`)
) ENGINE=InnoDB DEFAULT CHARSET=latin1;

--
-- Dumping data for table `categories`
--

INSERT INTO `categories` (`categoryid`, `section`, `category`, `subcategory`, `added`) VALUES
(121231, 'Kids', 'Hair Accessories', 'Straps', '2015-10-03 04:50:08'),
(180681, 'Women', 'Handbag', 'Tote', '2015-09-04 10:00:07'),
(184250, 'Women', 'Jewelry', 'Pendant', '2015-11-01 02:57:19'),
(288888, 'Kids', 'Apparels', 'Shirt', '2015-09-04 13:24:27'),
(324106, 'Women', 'Belt', 'Foam', '2015-09-04 12:48:23'),
(379856, 'Men', 'Trouser', 'Jeans', '2015-09-04 12:48:45'),
(440650, 'Men', 'Shirt', 'Casual', '2015-09-04 12:42:58'),
(499565, 'Kids', 'Hair Accessories', 'Clips', '2015-10-03 04:49:52'),
(516885, 'Women', 'Handbag', 'Sling', '2015-09-04 09:59:10'),
(556592, 'Kids', 'Apparels', 'Frock', '2015-09-04 13:24:44'),
(601522, 'Men', 'Shirt', 'Formal', '2015-09-04 12:42:43'),
(713288, 'Women', 'Jewelry', 'Bracelet', '2015-09-04 12:36:00'),
(721637, 'Women', 'Jewelry', 'Necklace', '2015-09-04 12:32:41'),
(754787, 'Kids', 'Accessories', 'Toys', '2015-09-04 12:55:11'),
(783096, 'Women', 'Wallet', 'Leather', '2015-09-04 12:39:47'),
(802108, 'Men', 'Trouser', 'Formal', '2015-09-04 12:44:01'),
(846282, 'Women', 'Jewelry', 'Earring', '2015-11-01 02:56:53'),
(863210, 'Women', 'Wallet', 'Synthetic', '2015-09-04 12:40:20'),
(897219, 'Men', 'Trouser', 'Casual', '2015-09-04 12:49:00'),
(949977, 'Women', 'Belt', 'Leather', '2015-09-04 12:47:33');

-- --------------------------------------------------------

--
-- Table structure for table `customers`
--

CREATE TABLE IF NOT EXISTS `customers` (
  `cid` int(6) NOT NULL,
  `cname` varchar(30) NOT NULL,
  `cemail` varchar(50) NOT NULL,
  `cpassword` varchar(512) NOT NULL,
  `caddress` varchar(250) NOT NULL,
  `cpincode` int(6) NOT NULL,
  `cphone` varchar(10) NOT NULL,
  `activated` int(1) NOT NULL,
  `status` int(1) NOT NULL,
  `created` timestamp NOT NULL DEFAULT CURRENT_TIMESTAMP,
  PRIMARY KEY (`cid`)
) ENGINE=InnoDB DEFAULT CHARSET=latin1;

--
-- Dumping data for table `customers`
--

INSERT INTO `customers` (`cid`, `cname`, `cemail`, `cpassword`, `caddress`, `cpincode`, `cphone`, `activated`, `status`, `created`) VALUES
(175079, 'Bharani Amarnath', 'cephilo@gmail.com', 'c9f0039f44332d44592d540cf67f3f0c', 'No.1, 1st Street', 600061, '9876543210', 1, 1, '2015-08-23 12:50:48'),
(225891, 'Vignesh', 'vigneshshanthi91@gmail.com', '57908f39c970408d5e41088a5c4df575', 'No.1, 1st Street', 600001, '9876543210', 1, 1, '2015-10-03 12:54:14'),
(483276, 'Bharani Amarnath', 'bharaniamarnath@gmail.com', 'c9f0039f44332d44592d540cf67f3f0c', 'No.1, 1st Street, Velachery, Chennai', 600066, '9876543210', 1, 1, '2015-11-05 11:43:05');

-- --------------------------------------------------------

--
-- Table structure for table `enquiries`
--

CREATE TABLE IF NOT EXISTS `enquiries` (
  `eid` int(6) NOT NULL,
  `ename` varchar(30) NOT NULL,
  `email` varchar(50) NOT NULL,
  `ephone` bigint(12) NOT NULL,
  `enquiry` text NOT NULL,
  `added` timestamp NOT NULL DEFAULT CURRENT_TIMESTAMP,
  PRIMARY KEY (`eid`)
) ENGINE=InnoDB DEFAULT CHARSET=latin1;

--
-- Dumping data for table `enquiries`
--

INSERT INTO `enquiries` (`eid`, `ename`, `email`, `ephone`, `enquiry`, `added`) VALUES
(185655, 'Bharani Amarnath', 'cephilo@gmail.com', 9876543210, 'Hello', '2015-10-20 11:20:18'),
(607394, 'Bharani Amarnath', 'cephilo@gmail.com', 9876543210, 'Hello', '2015-10-20 11:18:36'),
(935302, 'Bharani Amarnath', 'cephilo@gmail.com', 9876543210, 'Hello', '2015-10-20 11:19:00');

-- --------------------------------------------------------

--
-- Table structure for table `messages`
--

CREATE TABLE IF NOT EXISTS `messages` (
  `mid` int(6) NOT NULL,
  `mtitle` varchar(128) NOT NULL,
  `message` text NOT NULL,
  `added` timestamp NOT NULL DEFAULT CURRENT_TIMESTAMP,
  PRIMARY KEY (`mid`)
) ENGINE=InnoDB DEFAULT CHARSET=latin1;

--
-- Dumping data for table `messages`
--

INSERT INTO `messages` (`mid`, `mtitle`, `message`, `added`) VALUES
(463287, 'New Sling Handbag Models', 'Brand new stylish sling handbags now in our store. Check out now on our products section !', '2015-10-10 07:01:44');

-- --------------------------------------------------------

--
-- Table structure for table `orderdelivery`
--

CREATE TABLE IF NOT EXISTS `orderdelivery` (
  `orderid` int(6) NOT NULL,
  `customerid` int(6) NOT NULL,
  `name` varchar(30) NOT NULL,
  `address` varchar(512) NOT NULL,
  `phone` varchar(11) NOT NULL,
  `email` varchar(50) NOT NULL,
  `pincode` int(6) NOT NULL,
  `added` timestamp NOT NULL DEFAULT CURRENT_TIMESTAMP,
  PRIMARY KEY (`orderid`)
) ENGINE=InnoDB DEFAULT CHARSET=latin1;

--
-- Dumping data for table `orderdelivery`
--

INSERT INTO `orderdelivery` (`orderid`, `customerid`, `name`, `address`, `phone`, `email`, `pincode`, `added`) VALUES
(26245, 175079, 'Bharani Amarnath', 'No.1, 1st Street', '9876543210', 'cephilo@gmail.com', 600061, '2015-10-18 06:52:34'),
(49930, 225891, 'Vignesh', 'No.1, 1st Street', '9876543210', 'vigneshshanthi91@gmail.com', 600001, '2015-10-18 08:27:46'),
(51762, 175079, 'Bharani Amarnath', 'No.1, 1st Street', '9876543210', 'cephilo@gmail.com', 600061, '2015-10-18 06:34:39'),
(111436, 175079, 'Bharani Amarnath', 'No.1, 1st Street', '9876543210', 'cephilo@gmail.com', 600061, '2015-11-07 14:35:11'),
(111979, 175079, 'Bharani Amarnath', 'No.1, 1st Street', '9876543210', 'cephilo@gmail.com', 600061, '2015-11-02 08:22:18'),
(123182, 175079, 'Bharani Amarnath', 'No.1, 1st Street', '9876543210', 'cephilo@gmail.com', 600061, '2015-10-20 14:14:56'),
(125685, 175079, 'Bharani Amarnath', 'No.1, 1st Street', '9876543210', 'cephilo@gmail.com', 600061, '2015-10-18 06:59:15'),
(126356, 175079, 'Bharani Amarnath', 'No.1, 1st Street', '9876543210', 'cephilo@gmail.com', 600061, '2015-11-02 06:19:14'),
(127800, 175079, 'Bharani Amarnath', 'No.1, 1st Street', '9876543210', 'cephilo@gmail.com', 600061, '2015-10-18 07:07:12'),
(132134, 175079, 'Bharani Amarnath', 'No.1, 1st Street', '9876543210', 'cephilo@gmail.com', 600061, '2015-10-19 14:18:38'),
(139187, 175079, 'Bharani Amarnath', 'No.1, 1st Street', '9876543210', 'cephilo@gmail.com', 600061, '2015-11-05 04:27:42'),
(142849, 175079, 'Bharani Amarnath', 'No.1, 1st Street', '9876543210', 'cephilo@gmail.com', 600061, '2015-11-04 08:30:58'),
(143717, 175079, 'Bharani Amarnath', 'No.1, 1st Street', '9876543210', 'cephilo@gmail.com', 600061, '2015-10-20 13:41:34'),
(145589, 175079, 'Bharani Amarnath', 'No.1, 1st Street', '9876543210', 'cephilo@gmail.com', 600061, '2015-11-07 10:25:53'),
(153048, 175079, 'Bharani Amarnath', 'No.1, 1st Street', '9876543210', 'cephilo@gmail.com', 600061, '2015-10-18 08:29:46'),
(158013, 175079, 'Bharani Amarnath', 'No.1, 1st Street', '9876543210', 'cephilo@gmail.com', 600061, '2015-11-02 07:59:19'),
(166205, 225891, 'Vignesh', 'No.1, 1st Street', '9876543210', 'vigneshshanthi91@gmail.com', 600001, '2015-11-01 15:54:11'),
(167290, 175079, 'Bharani Amarnath', 'No.1, 1st Street', '9876543210', 'cephilo@gmail.com', 600061, '2015-11-06 11:51:19'),
(170057, 225891, 'Vignesh', 'No.1, 1st Street', '9876543210', 'vigneshshanthi91@gmail.com', 600001, '2015-11-04 08:50:17'),
(171929, 175079, 'Bharani Amarnath', 'No.1, 1st Street', '9876543210', 'cephilo@gmail.com', 600061, '2015-11-02 10:37:14'),
(172308, 225891, 'Vignesh', 'No.1, 1st Street', '9876543210', 'vigneshshanthi91@gmail.com', 600001, '2015-11-02 06:58:26'),
(179307, 225891, 'Vignesh', 'No.1, 1st Street', '9876543210', 'vigneshshanthi91@gmail.com', 600001, '2015-11-05 09:51:32'),
(181640, 225891, 'Vignesh', 'No.1, 1st Street', '9876543210', 'vigneshshanthi91@gmail.com', 600001, '2015-11-02 07:10:13'),
(183078, 175079, 'Bharani Amarnath', 'No.1, 1st Street', '9876543210', 'cephilo@gmail.com', 600061, '2015-10-19 15:00:52'),
(189100, 175079, 'Bharani Amarnath', 'No.1, 1st Street', '9876543210', 'cephilo@gmail.com', 600061, '2015-11-04 08:02:00'),
(195231, 225891, 'Vignesh', 'No.1, 1st Street', '9876543210', 'vigneshshanthi91@gmail.com', 600001, '2015-11-02 06:19:15'),
(196533, 225891, 'Vignesh', 'No.1, 1st Street', '9876543210', 'vigneshshanthi91@gmail.com', 600001, '2015-11-04 09:20:30'),
(201063, 175079, 'Bharani Amarnath', 'No.1, 1st Street', '9876543210', 'cephilo@gmail.com', 600061, '2015-11-02 06:14:44'),
(208089, 225891, 'Vignesh', 'No.1, 1st Street', '9876543210', 'vigneshshanthi91@gmail.com', 600001, '2015-11-04 09:40:21'),
(212483, 225891, 'Vignesh', 'No.1, 1st Street', '9876543210', 'vigneshshanthi91@gmail.com', 600001, '2015-10-21 07:08:34'),
(214477, 225891, 'Vignesh', 'No.1, 1st Street', '9876543210', 'vigneshshanthi91@gmail.com', 600001, '2015-10-18 07:07:15'),
(218966, 175079, 'Bharani Amarnath', 'No.1, 1st Street', '9876543210', 'cephilo@gmail.com', 600061, '2015-10-19 12:18:30'),
(220241, 175079, 'Bharani Amarnath', 'No.1, 1st Street', '9876543210', 'cephilo@gmail.com', 600061, '2015-11-02 10:09:17'),
(222818, 175079, 'Bharani Amarnath', 'No.1, 1st Street', '9876543210', 'cephilo@gmail.com', 600061, '2015-11-07 10:08:33'),
(224202, 175079, 'Bharani Amarnath', 'No.1, 1st Street', '9876543210', 'cephilo@gmail.com', 600061, '2015-10-20 13:59:24'),
(237060, 225891, 'Vignesh', 'No.1, 1st Street', '9876543210', 'vigneshshanthi91@gmail.com', 600001, '2015-11-02 07:31:03'),
(237494, 225891, 'Vignesh', 'No.1, 1st Street', '9876543210', 'vigneshshanthi91@gmail.com', 600001, '2015-10-21 07:04:02'),
(238145, 175079, 'Bharani Amarnath', 'No.1, 1st Street', '9876543210', 'cephilo@gmail.com', 600061, '2015-11-01 15:46:36'),
(241036, 175079, 'Bharani Amarnath', 'No.1, 1st Street', '9876543210', 'cephilo@gmail.com', 600061, '2015-10-18 06:16:45'),
(242768, 225891, 'Vignesh', 'No.1, 1st Street', '9876543210', 'vigneshshanthi91@gmail.com', 600001, '2015-10-18 08:31:05'),
(243109, 175079, 'Bharani Amarnath', 'No.1, 1st Street', '9876543210', 'cephilo@gmail.com', 600061, '2015-10-20 12:50:19'),
(243923, 225891, 'Vignesh', 'No.1, 1st Street', '9876543210', 'vigneshshanthi91@gmail.com', 600001, '2015-11-02 08:22:20'),
(244004, 225891, 'Vignesh', 'No.1, 1st Street', '9876543210', 'vigneshshanthi91@gmail.com', 600001, '2015-11-02 07:42:47'),
(245414, 225891, 'Vignesh', 'No.1, 1st Street', '9876543210', 'vigneshshanthi91@gmail.com', 600001, '2015-10-18 07:01:07'),
(245849, 175079, 'Bharani Amarnath', 'No.1, 1st Street', '9876543210', 'cephilo@gmail.com', 600061, '2015-10-20 14:07:06'),
(248019, 175079, 'Bharani Amarnath', 'No.1, 1st Street', '9876543210', 'cephilo@gmail.com', 600061, '2015-10-19 13:47:42'),
(248404, 175079, 'Bharani Amarnath', 'No.1, 1st Street', '9876543210', 'cephilo@gmail.com', 600061, '2015-10-18 06:17:46'),
(254285, 175079, 'Bharani Amarnath', 'No.1, 1st Street', '9876543210', 'cephilo@gmail.com', 600061, '2015-10-20 12:55:20'),
(261121, 175079, 'Bharani Amarnath', 'No.1, 1st Street', '9876543210', 'cephilo@gmail.com', 600061, '2015-10-20 12:39:11'),
(266058, 175079, 'Bharani Amarnath', 'No.1, 1st Street', '9876543210', 'cephilo@gmail.com', 600061, '2015-10-20 13:51:44'),
(268446, 175079, 'Bharani Amarnath', 'No.1, 1st Street', '9876543210', 'cephilo@gmail.com', 600061, '2015-10-20 13:09:59'),
(272233, 175079, 'Bharani Amarnath', 'No.1, 1st Street', '9876543210', 'cephilo@gmail.com', 600061, '2015-10-18 06:27:03'),
(272894, 175079, 'Bharani Amarnath', 'No.1, 1st Street', '9876543210', 'cephilo@gmail.com', 600061, '2015-10-20 13:21:12'),
(275499, 175079, 'Bharani Amarnath', 'No.1, 1st Street', '9876543210', 'cephilo@gmail.com', 600061, '2015-10-19 05:47:22'),
(282416, 175079, 'Bharani Amarnath', 'No.1, 1st Street', '9876543210', 'cephilo@gmail.com', 600061, '2015-11-07 13:22:20'),
(295692, 175079, 'Bharani Amarnath', 'No.1, 1st Street', '9876543210', 'cephilo@gmail.com', 600061, '2015-10-18 06:17:06'),
(297308, 175079, 'Bharani Amarnath', 'No.1, 1st Street', '9876543210', 'cephilo@gmail.com', 600061, '2015-11-04 05:31:22'),
(302056, 175079, 'Bharani Amarnath', 'No.1, 1st Street', '9876543210', 'cephilo@gmail.com', 600061, '2015-10-20 13:17:03'),
(304036, 175079, 'Bharani Amarnath', 'No.1, 1st Street', '9876543210', 'cephilo@gmail.com', 600061, '2015-11-07 10:16:56'),
(306966, 175079, 'Bharani Amarnath', 'No.1, 1st Street', '9876543210', 'cephilo@gmail.com', 600061, '2015-10-19 14:34:55'),
(307834, 175079, 'Bharani Amarnath', 'No.1, 1st Street', '9876543210', 'cephilo@gmail.com', 600061, '2015-11-04 08:13:34'),
(310465, 175079, 'Bharani Amarnath', 'No.1, 1st Street', '9876543210', 'cephilo@gmail.com', 600061, '2015-10-21 07:08:38'),
(326120, 175079, 'Bharani Amarnath', 'No.1, 1st Street', '9876543210', 'cephilo@gmail.com', 600061, '2015-10-18 06:32:32'),
(327555, 175079, 'Bharani Amarnath', 'No.1, 1st Street', '9876543210', 'cephilo@gmail.com', 600061, '2015-10-19 12:16:27'),
(328884, 175079, 'Bharani Amarnath', 'No.1, 1st Street', '9876543210', 'cephilo@gmail.com', 600061, '2015-11-04 09:30:56'),
(329915, 225891, 'Vignesh', 'No.1, 1st Street', '9876543210', 'vigneshshanthi91@gmail.com', 600001, '2015-11-04 05:52:36'),
(330186, 175079, 'Bharani Amarnath', 'No.1, 1st Street', '9876543210', 'cephilo@gmail.com', 600061, '2015-11-03 10:43:30'),
(338650, 225891, 'Vignesh', 'No.1, 1st Street', '9876543210', 'vigneshshanthi91@gmail.com', 600001, '2015-11-05 04:15:33'),
(342775, 175079, 'Bharani Amarnath', 'No.1, 1st Street', '9876543210', 'cephilo@gmail.com', 600061, '2015-10-18 06:44:52'),
(360080, 175079, 'Bharani Amarnath', 'No.1, 1st Street', '9876543210', 'cephilo@gmail.com', 600061, '2015-11-07 14:31:05'),
(370496, 225891, 'Vignesh', 'No.1, 1st Street', '9876543210', 'vigneshshanthi91@gmail.com', 600001, '2015-11-02 07:26:55'),
(379855, 175079, 'Bharani Amarnath', 'No.1, 1st Street', '9876543210', 'cephilo@gmail.com', 600061, '2015-11-05 04:08:22'),
(388861, 175079, 'Bharani Amarnath', 'No.1, 1st Street', '9876543210', 'cephilo@gmail.com', 600061, '2015-10-18 11:26:01'),
(389729, 225891, 'Vignesh', 'No.1, 1st Street', '9876543210', 'vigneshshanthi91@gmail.com', 600001, '2015-11-04 08:31:00'),
(390245, 175079, 'Bharani Amarnath', 'No.1, 1st Street', '9876543210', 'cephilo@gmail.com', 600061, '2015-11-02 07:12:38'),
(390407, 225891, 'Vignesh', 'No.1, 1st Street', '9876543210', 'vigneshshanthi91@gmail.com', 600001, '2015-11-04 05:31:24'),
(399386, 175079, 'Bharani Amarnath', 'No.1, 1st Street', '9876543210', 'cephilo@gmail.com', 600061, '2015-10-20 12:40:32'),
(402180, 225891, 'Vignesh', 'No.1, 1st Street', '9876543210', 'vigneshshanthi91@gmail.com', 600001, '2015-11-05 10:00:37'),
(402696, 175079, 'Bharani Amarnath', 'No.1, 1st Street', '9876543210', 'cephilo@gmail.com', 600061, '2015-11-04 08:50:16'),
(406765, 225891, 'Vignesh', 'No.1, 1st Street', '9876543210', 'vigneshshanthi91@gmail.com', 600001, '2015-11-04 05:25:20'),
(406819, 175079, 'Bharani Amarnath', 'No.1, 1st Street', '9876543210', 'cephilo@gmail.com', 600061, '2015-11-04 04:42:08'),
(408826, 175079, 'Bharani Amarnath', 'No.1, 1st Street', '9876543210', 'cephilo@gmail.com', 600061, '2015-11-04 13:06:28'),
(421576, 225891, 'Vignesh', 'No.1, 1st Street', '9876543210', 'vigneshshanthi91@gmail.com', 600001, '2015-11-04 09:30:57'),
(431098, 175079, 'Bharani Amarnath', 'No.1, 1st Street', '9876543210', 'cephilo@gmail.com', 600061, '2015-10-20 05:44:06'),
(434515, 175079, 'Bharani Amarnath', 'No.1, 1st Street', '9876543210', 'cephilo@gmail.com', 600061, '2015-11-02 07:10:15'),
(439019, 175079, 'Bharani Amarnath', 'No.1, 1st Street', '9876543210', 'cephilo@gmail.com', 600061, '2015-11-04 05:04:56'),
(441704, 175079, 'Bharani Amarnath', 'No.1, 1st Street', '9876543210', 'cephilo@gmail.com', 600061, '2015-11-04 04:52:59'),
(444283, 225891, 'Vignesh', 'No.1, 1st Street', '9876543210', 'vigneshshanthi91@gmail.com', 600001, '2015-10-18 08:21:20'),
(447916, 225891, 'Vignesh', 'No.1, 1st Street', '9876543210', 'vigneshshanthi91@gmail.com', 600001, '2015-11-04 09:09:49'),
(450439, 175079, 'Bharani Amarnath', 'No.1, 1st Street', '9876543210', 'cephilo@gmail.com', 600061, '2015-11-02 07:15:24'),
(450461, 175079, 'Bharani Amarnath', 'No.1, 1st Street', '9876543210', 'cephilo@gmail.com', 600061, '2015-10-18 06:56:14'),
(451415, 483276, 'Bharani Amarnath', 'No.1, 1st Street, Velachery, Chennai', '9876543210', 'bharaniamarnath@gmail.com', 600066, '2015-11-05 11:51:08'),
(451741, 175079, 'Bharani Amarnath', 'No.1, 1st Street', '9876543210', 'cephilo@gmail.com', 600061, '2015-11-02 07:26:56'),
(457763, 225891, 'Vignesh', 'No.1, 1st Street', '9876543210', 'vigneshshanthi91@gmail.com', 600001, '2015-10-21 07:10:10'),
(458817, 175079, 'Bharani Amarnath', 'No.1, 1st Street', '9876543210', 'cephilo@gmail.com', 600061, '2015-10-18 06:29:48'),
(460828, 175079, 'Bharani Amarnath', 'No.1, 1st Street', '9876543210', 'cephilo@gmail.com', 600061, '2015-11-06 02:41:20'),
(461696, 175079, 'Bharani Amarnath', 'No.1, 1st Street', '9876543210', 'cephilo@gmail.com', 600061, '2015-10-20 05:34:03'),
(465793, 225891, 'Vignesh', 'No.1, 1st Street', '9876543210', 'vigneshshanthi91@gmail.com', 600001, '2015-11-02 07:54:55'),
(468804, 175079, 'Bharani Amarnath', 'No.1, 1st Street', '9876543210', 'cephilo@gmail.com', 600061, '2015-10-21 07:04:02'),
(475260, 175079, 'Bharani Amarnath', 'No.1, 1st Street', '9876543210', 'cephilo@gmail.com', 600061, '2015-11-05 04:15:32'),
(477593, 175079, 'Bharani Amarnath', 'No.1, 1st Street', '9876543210', 'cephilo@gmail.com', 600061, '2015-11-02 07:31:06'),
(482584, 175079, 'Bharani Amarnath', 'No.1, 1st Street', '9876543210', 'cephilo@gmail.com', 600061, '2015-10-20 13:37:50'),
(489800, 225891, 'Vignesh', 'No.1, 1st Street', '9876543210', 'vigneshshanthi91@gmail.com', 600001, '2015-11-01 16:11:47'),
(493435, 175079, 'Bharani Amarnath', 'No.1, 1st Street', '9876543210', 'cephilo@gmail.com', 600061, '2015-11-07 14:36:37'),
(494004, 175079, 'Bharani Amarnath', 'No.1, 1st Street', '9876543210', 'cephilo@gmail.com', 600061, '2015-11-07 14:38:55'),
(497667, 175079, 'Bharani Amarnath', 'No.1, 1st Street', '9876543210', 'cephilo@gmail.com', 600061, '2015-11-04 04:45:59'),
(499235, 175079, 'Bharani Amarnath', 'No.1, 1st Street', '9876543210', 'cephilo@gmail.com', 600061, '2015-10-18 06:26:27'),
(499647, 225891, 'Vignesh', 'No.1, 1st Street', '9876543210', 'vigneshshanthi91@gmail.com', 600001, '2015-11-01 12:57:14'),
(507188, 175079, 'Bharani Amarnath', 'No.1, 1st Street', '9876543210', 'cephilo@gmail.com', 600061, '2015-11-07 13:25:04'),
(515136, 175079, 'Bharani Amarnath', 'No.1, 1st Street', '9876543210', 'cephilo@gmail.com', 600061, '2015-11-04 09:09:47'),
(517876, 175079, 'Bharani Amarnath', 'No.1, 1st Street', '9876543210', 'cephilo@gmail.com', 600061, '2015-11-02 07:54:53'),
(517927, 225891, 'Vignesh', 'No.1, 1st Street', '9876543210', 'vigneshshanthi91@gmail.com', 600001, '2015-10-18 06:52:41'),
(518256, 175079, 'Bharani Amarnath', 'No.1, 1st Street', '9876543210', 'cephilo@gmail.com', 600061, '2015-11-02 06:23:04'),
(534288, 483276, 'Bharani Amarnath', 'No.1, 1st Street, Velachery, Chennai', '9876543210', 'bharaniamarnath@gmail.com', 600066, '2015-11-05 11:45:29'),
(534342, 225891, 'Vignesh', 'No.1, 1st Street', '9876543210', 'vigneshshanthi91@gmail.com', 600001, '2015-11-04 12:59:33'),
(535617, 175079, 'Bharani Amarnath', 'No.1, 1st Street', '9876543210', 'cephilo@gmail.com', 600061, '2015-10-19 13:29:59'),
(541720, 175079, 'Bharani Amarnath', 'No.1, 1st Street', '9876543210', 'cephilo@gmail.com', 600061, '2015-11-02 07:42:46'),
(547179, 175079, 'Bharani Amarnath', 'No.1, 1st Street', '9876543210', 'cephilo@gmail.com', 600061, '2015-10-18 06:27:33'),
(547417, 225891, 'Vignesh', 'No.1, 1st Street', '9876543210', 'vigneshshanthi91@gmail.com', 600001, '2015-11-04 08:02:02'),
(568088, 175079, 'Bharani Amarnath', 'No.1, 1st Street', '9876543210', 'cephilo@gmail.com', 600061, '2015-11-05 04:37:03'),
(568874, 175079, 'Bharani Amarnath', 'No.1, 1st Street', '9876543210', 'cephilo@gmail.com', 600061, '2015-11-01 12:47:38'),
(573269, 175079, 'Bharani Amarnath', 'No.1, 1st Street', '9876543210', 'cephilo@gmail.com', 600061, '2015-10-19 14:58:11'),
(573540, 225891, 'Vignesh', 'No.1, 1st Street', '9876543210', 'vigneshshanthi91@gmail.com', 600001, '2015-11-04 05:09:29'),
(575737, 225891, 'Vignesh', 'No.1, 1st Street', '9876543210', 'vigneshshanthi91@gmail.com', 600001, '2015-11-05 04:37:05'),
(584418, 483276, 'Bharani Amarnath', 'No.1, 1st Street, Velachery, Chennai', '9876543210', 'bharaniamarnath@gmail.com', 600066, '2015-11-07 08:52:13'),
(586534, 175079, 'Bharani Amarnath', 'No.1, 1st Street', '9876543210', 'cephilo@gmail.com', 600061, '2015-11-02 10:24:52'),
(589572, 175079, 'Bharani Amarnath', 'No.1, 1st Street', '9876543210', 'cephilo@gmail.com', 600061, '2015-11-04 10:12:50'),
(592176, 175079, 'Bharani Amarnath', 'No.1, 1st Street', '9876543210', 'cephilo@gmail.com', 600061, '2015-10-19 13:34:20'),
(593695, 225891, 'Vignesh', 'No.1, 1st Street', '9876543210', 'vigneshshanthi91@gmail.com', 600001, '2015-11-04 08:37:40'),
(597167, 175079, 'Bharani Amarnath', 'No.1, 1st Street', '9876543210', 'cephilo@gmail.com', 600061, '2015-10-19 05:08:56'),
(604166, 175079, 'Bharani Amarnath', 'No.1, 1st Street', '9876543210', 'cephilo@gmail.com', 600061, '2015-10-20 13:29:02'),
(609212, 483276, 'Bharani Amarnath', 'No.1, 1st Street, Velachery, Chennai', '9876543210', 'bharaniamarnath@gmail.com', 600066, '2015-11-07 10:08:33'),
(618136, 225891, 'Vignesh', 'No.1, 1st Street', '9876543210', 'vigneshshanthi91@gmail.com', 600001, '2015-11-04 08:46:10'),
(622585, 225891, 'Vignesh', 'No.1, 1st Street', '9876543210', 'vigneshshanthi91@gmail.com', 600001, '2015-11-02 06:23:16'),
(624538, 225891, 'Vignesh', 'No.1, 1st Street', '9876543210', 'vigneshshanthi91@gmail.com', 600001, '2015-11-02 07:24:03'),
(627658, 225891, 'Vignesh', 'No.1, 1st Street', '9876543210', 'vigneshshanthi91@gmail.com', 600001, '2015-11-01 12:51:32'),
(628228, 175079, 'Bharani Amarnath', 'No.1, 1st Street', '9876543210', 'cephilo@gmail.com', 600061, '2015-11-02 10:37:11'),
(632161, 175079, 'Bharani Amarnath', 'No.1, 1st Street', '9876543210', 'cephilo@gmail.com', 600061, '2015-11-07 13:23:35'),
(641411, 225891, 'Vignesh', 'No.1, 1st Street', '9876543210', 'vigneshshanthi91@gmail.com', 600001, '2015-11-05 09:38:11'),
(653157, 225891, 'Vignesh', 'No.1, 1st Street', '9876543210', 'vigneshshanthi91@gmail.com', 600001, '2015-10-21 08:22:13'),
(658284, 175079, 'Bharani Amarnath', 'No.1, 1st Street', '9876543210', 'cephilo@gmail.com', 600061, '2015-10-20 13:05:58'),
(661968, 175079, 'Bharani Amarnath', 'No.1, 1st Street', '9876543210', 'cephilo@gmail.com', 600061, '2015-10-18 08:21:17'),
(672119, 175079, 'Bharani Amarnath', 'No.1, 1st Street', '9876543210', 'cephilo@gmail.com', 600061, '2015-11-02 07:35:27'),
(682752, 175079, 'Bharani Amarnath', 'No.1, 1st Street', '9876543210', 'cephilo@gmail.com', 600061, '2015-10-19 13:43:04'),
(695312, 175079, 'Bharani Amarnath', 'No.1, 1st Street', '9876543210', 'cephilo@gmail.com', 600061, '2015-11-07 14:42:04'),
(695529, 175079, 'Bharani Amarnath', 'No.1, 1st Street', '9876543210', 'cephilo@gmail.com', 600061, '2015-11-01 15:54:10'),
(696560, 225891, 'Vignesh', 'No.1, 1st Street', '9876543210', 'vigneshshanthi91@gmail.com', 600001, '2015-11-02 07:59:23'),
(696668, 225891, 'Vignesh', 'No.1, 1st Street', '9876543210', 'vigneshshanthi91@gmail.com', 600001, '2015-11-02 07:35:25'),
(699028, 175079, 'Bharani Amarnath', 'No.1, 1st Street', '9876543210', 'cephilo@gmail.com', 600061, '2015-11-04 08:37:39'),
(701931, 175079, 'Bharani Amarnath', 'No.1, 1st Street', '9876543210', 'cephilo@gmail.com', 600061, '2015-10-20 14:10:18'),
(702907, 175079, 'Bharani Amarnath', 'No.1, 1st Street', '9876543210', 'cephilo@gmail.com', 600061, '2015-11-07 08:12:45'),
(704915, 225891, 'Vignesh', 'No.1, 1st Street', '9876543210', 'vigneshshanthi91@gmail.com', 600001, '2015-11-05 04:01:35'),
(707600, 225891, 'Vignesh', 'No.1, 1st Street', '9876543210', 'vigneshshanthi91@gmail.com', 600001, '2015-10-21 07:16:12'),
(708767, 225891, 'Vignesh', 'No.1, 1st Street', '9876543210', 'vigneshshanthi91@gmail.com', 600001, '2015-11-01 12:52:47'),
(713270, 225891, 'Vignesh', 'No.1, 1st Street', '9876543210', 'vigneshshanthi91@gmail.com', 600001, '2015-11-02 08:11:22'),
(713351, 225891, 'Vignesh', 'No.1, 1st Street', '9876543210', 'vigneshshanthi91@gmail.com', 600001, '2015-11-04 12:45:27'),
(716254, 175079, 'Bharani Amarnath', 'No.1, 1st Street', '9876543210', 'cephilo@gmail.com', 600061, '2015-10-19 14:09:30'),
(722140, 225891, 'Vignesh', 'No.1, 1st Street', '9876543210', 'vigneshshanthi91@gmail.com', 600001, '2015-11-04 10:12:52'),
(730414, 225891, 'Vignesh', 'No.1, 1st Street', '9876543210', 'vigneshshanthi91@gmail.com', 600001, '2015-11-04 04:58:22'),
(730848, 225891, 'Vignesh', 'No.1, 1st Street', '9876543210', 'vigneshshanthi91@gmail.com', 600001, '2015-11-01 12:47:38'),
(732801, 175079, 'Bharani Amarnath', 'No.1, 1st Street', '9876543210', 'cephilo@gmail.com', 600061, '2015-11-07 08:00:39'),
(740532, 225891, 'Vignesh', 'No.1, 1st Street', '9876543210', 'vigneshshanthi91@gmail.com', 600001, '2015-11-05 10:16:13'),
(742160, 175079, 'Bharani Amarnath', 'No.1, 1st Street', '9876543210', 'cephilo@gmail.com', 600061, '2015-10-20 14:03:38'),
(743516, 175079, 'Bharani Amarnath', 'No.1, 1st Street', '9876543210', 'cephilo@gmail.com', 600061, '2015-11-04 05:09:30'),
(744086, 175079, 'Bharani Amarnath', 'No.1, 1st Street', '9876543210', 'cephilo@gmail.com', 600061, '2015-10-20 13:55:28'),
(745008, 175079, 'Bharani Amarnath', 'No.1, 1st Street', '9876543210', 'cephilo@gmail.com', 600061, '2015-11-01 12:49:23'),
(746609, 175079, 'Bharani Amarnath', 'No.1, 1st Street', '9876543210', 'cephilo@gmail.com', 600061, '2015-11-02 06:53:29'),
(747748, 225891, 'Vignesh', 'No.1, 1st Street', '9876543210', 'vigneshshanthi91@gmail.com', 600001, '2015-11-05 04:27:43'),
(756049, 175079, 'Bharani Amarnath', 'No.1, 1st Street', '9876543210', 'cephilo@gmail.com', 600061, '2015-11-01 12:54:37'),
(756971, 225891, 'Vignesh', 'No.1, 1st Street', '9876543210', 'vigneshshanthi91@gmail.com', 600001, '2015-11-05 05:20:39'),
(759385, 175079, 'Bharani Amarnath', 'No.1, 1st Street', '9876543210', 'cephilo@gmail.com', 600061, '2015-11-06 11:59:41'),
(764973, 225891, 'Vignesh', 'No.1, 1st Street', '9876543210', 'vigneshshanthi91@gmail.com', 600001, '2015-11-04 08:13:36'),
(765218, 483276, 'Bharani Amarnath', 'No.1, 1st Street, Velachery, Chennai', '9876543210', 'bharaniamarnath@gmail.com', 600066, '2015-11-07 08:20:17'),
(766655, 175079, 'Bharani Amarnath', 'No.1, 1st Street', '9876543210', 'cephilo@gmail.com', 600061, '2015-11-02 10:24:52'),
(772294, 175079, 'Bharani Amarnath', 'No.1, 1st Street', '9876543210', 'cephilo@gmail.com', 600061, '2015-10-18 06:19:04'),
(777018, 175079, 'Bharani Amarnath', 'No.1, 1st Street', '9876543210', 'cephilo@gmail.com', 600061, '2015-10-20 12:41:14'),
(778076, 175079, 'Bharani Amarnath', 'No.1, 1st Street', '9876543210', 'cephilo@gmail.com', 600061, '2015-11-07 14:34:08'),
(779291, 175079, 'Bharani Amarnath', 'No.1, 1st Street', '9876543210', 'cephilo@gmail.com', 600061, '2015-10-18 06:28:08'),
(781928, 225891, 'Vignesh', 'No.1, 1st Street', '9876543210', 'vigneshshanthi91@gmail.com', 600001, '2015-11-04 09:54:58'),
(787299, 175079, 'Bharani Amarnath', 'No.1, 1st Street', '9876543210', 'cephilo@gmail.com', 600061, '2015-10-19 05:11:07'),
(791720, 175079, 'Bharani Amarnath', 'No.1, 1st Street', '9876543210', 'cephilo@gmail.com', 600061, '2015-10-18 06:18:04'),
(795267, 175079, 'Bharani Amarnath', 'No.1, 1st Street', '9876543210', 'cephilo@gmail.com', 600061, '2015-10-18 08:27:42'),
(796522, 175079, 'Bharani Amarnath', 'No.1, 1st Street', '9876543210', 'cephilo@gmail.com', 600061, '2015-11-04 05:25:35'),
(801052, 175079, 'Bharani Amarnath', 'No.1, 1st Street', '9876543210', 'cephilo@gmail.com', 600061, '2015-10-20 05:40:30'),
(801703, 175079, 'Bharani Amarnath', 'No.1, 1st Street', '9876543210', 'cephilo@gmail.com', 600061, '2015-11-04 09:40:19'),
(802137, 225891, 'Vignesh', 'No.1, 1st Street', '9876543210', 'vigneshshanthi91@gmail.com', 600001, '2015-11-04 05:04:54'),
(804707, 175079, 'Bharani Amarnath', 'No.1, 1st Street', '9876543210', 'cephilo@gmail.com', 600061, '2015-10-18 06:25:47'),
(805474, 175079, 'Bharani Amarnath', 'No.1, 1st Street', '9876543210', 'cephilo@gmail.com', 600061, '2015-11-01 16:11:50'),
(805528, 175079, 'Bharani Amarnath', 'No.1, 1st Street', '9876543210', 'cephilo@gmail.com', 600061, '2015-10-21 07:18:15'),
(806070, 175079, 'Bharani Amarnath', 'No.1, 1st Street', '9876543210', 'cephilo@gmail.com', 600061, '2015-10-20 12:53:35'),
(813612, 175079, 'Bharani Amarnath', 'No.1, 1st Street', '9876543210', 'cephilo@gmail.com', 600061, '2015-11-07 13:04:36'),
(815511, 175079, 'Bharani Amarnath', 'No.1, 1st Street', '9876543210', 'cephilo@gmail.com', 600061, '2015-10-20 05:32:19'),
(816731, 225891, 'Vignesh', 'No.1, 1st Street', '9876543210', 'vigneshshanthi91@gmail.com', 600001, '2015-11-05 05:10:46'),
(824571, 175079, 'Bharani Amarnath', 'No.1, 1st Street', '9876543210', 'cephilo@gmail.com', 600061, '2015-10-20 06:00:07'),
(825737, 175079, 'Bharani Amarnath', 'No.1, 1st Street', '9876543210', 'cephilo@gmail.com', 600061, '2015-11-05 06:03:44'),
(831244, 175079, 'Bharani Amarnath', 'No.1, 1st Street', '9876543210', 'cephilo@gmail.com', 600061, '2015-11-01 06:25:49'),
(834988, 225891, 'Vignesh', 'No.1, 1st Street', '9876543210', 'vigneshshanthi91@gmail.com', 600001, '2015-11-02 06:14:46'),
(836534, 225891, 'Vignesh', 'No.1, 1st Street', '9876543210', 'vigneshshanthi91@gmail.com', 600001, '2015-11-02 07:12:41'),
(844048, 175079, 'Bharani Amarnath', 'No.1, 1st Street', '9876543210', 'cephilo@gmail.com', 600061, '2015-10-20 05:57:13'),
(844943, 175079, 'Bharani Amarnath', 'No.1, 1st Street', '9876543210', 'cephilo@gmail.com', 600061, '2015-11-04 04:58:21'),
(846215, 175079, 'Bharani Amarnath', 'No.1, 1st Street', '9876543210', 'cephilo@gmail.com', 600061, '2015-10-18 07:01:05'),
(846381, 225891, 'Vignesh', 'No.1, 1st Street', '9876543210', 'vigneshshanthi91@gmail.com', 600001, '2015-11-04 04:45:55'),
(849229, 225891, 'Vignesh', 'No.1, 1st Street', '9876543210', 'vigneshshanthi91@gmail.com', 600001, '2015-11-01 15:46:38'),
(850096, 175079, 'Bharani Amarnath', 'No.1, 1st Street', '9876543210', 'cephilo@gmail.com', 600061, '2015-10-18 06:24:49'),
(852159, 175079, 'Bharani Amarnath', 'No.1, 1st Street', '9876543210', 'cephilo@gmail.com', 600061, '2015-10-19 13:45:31'),
(855712, 175079, 'Bharani Amarnath', 'No.1, 1st Street', '9876543210', 'cephilo@gmail.com', 600061, '2015-10-20 13:34:28'),
(857476, 175079, 'Bharani Amarnath', 'No.1, 1st Street', '9876543210', 'cephilo@gmail.com', 600061, '2015-10-19 11:44:57'),
(861083, 225891, 'Vignesh', 'No.1, 1st Street', '9876543210', 'vigneshshanthi91@gmail.com', 600001, '2015-11-05 04:08:23'),
(861192, 175079, 'Bharani Amarnath', 'No.1, 1st Street', '9876543210', 'cephilo@gmail.com', 600061, '2015-10-20 13:47:33'),
(862196, 175079, 'Bharani Amarnath', 'No.1, 1st Street', '9876543210', 'cephilo@gmail.com', 600061, '2015-10-19 10:45:26'),
(865180, 175079, 'Bharani Amarnath', 'No.1, 1st Street', '9876543210', 'cephilo@gmail.com', 600061, '2015-11-04 12:45:26'),
(868652, 483276, 'Bharani Amarnath', 'No.1, 1st Street, Velachery, Chennai', '9876543210', 'bharaniamarnath@gmail.com', 600066, '2015-11-06 11:51:19'),
(873073, 175079, 'Bharani Amarnath', 'No.1, 1st Street', '9876543210', 'cephilo@gmail.com', 600061, '2015-10-19 05:07:21'),
(877278, 175079, 'Bharani Amarnath', 'No.1, 1st Street', '9876543210', 'cephilo@gmail.com', 600061, '2015-11-02 06:58:28'),
(881130, 225891, 'Vignesh', 'No.1, 1st Street', '9876543210', 'vigneshshanthi91@gmail.com', 600001, '2015-11-05 10:06:02'),
(881293, 175079, 'Bharani Amarnath', 'No.1, 1st Street', '9876543210', 'cephilo@gmail.com', 600061, '2015-11-07 14:37:53'),
(884006, 225891, 'Vignesh', 'No.1, 1st Street', '9876543210', 'vigneshshanthi91@gmail.com', 600001, '2015-11-01 12:49:20'),
(884494, 225891, 'Vignesh', 'No.1, 1st Street', '9876543210', 'vigneshshanthi91@gmail.com', 600001, '2015-11-04 13:06:30'),
(889350, 175079, 'Bharani Amarnath', 'No.1, 1st Street', '9876543210', 'cephilo@gmail.com', 600061, '2015-10-20 06:00:50'),
(895589, 225891, 'Vignesh', 'No.1, 1st Street', '9876543210', 'vigneshshanthi91@gmail.com', 600001, '2015-11-02 06:53:31'),
(901394, 175079, 'Bharani Amarnath', 'No.1, 1st Street', '9876543210', 'cephilo@gmail.com', 600061, '2015-11-02 07:24:04'),
(905164, 175079, 'Bharani Amarnath', 'No.1, 1st Street', '9876543210', 'cephilo@gmail.com', 600061, '2015-11-04 08:06:44'),
(918267, 225891, 'Vignesh', 'No.1, 1st Street', '9876543210', 'vigneshshanthi91@gmail.com', 600001, '2015-11-04 04:52:58'),
(919297, 175079, 'Bharani Amarnath', 'No.1, 1st Street', '9876543210', 'cephilo@gmail.com', 600061, '2015-11-07 10:22:03'),
(932834, 175079, 'Bharani Amarnath', 'No.1, 1st Street', '9876543210', 'cephilo@gmail.com', 600061, '2015-11-04 08:46:09'),
(937635, 175079, 'Bharani Amarnath', 'No.1, 1st Street', '9876543210', 'cephilo@gmail.com', 600061, '2015-10-20 05:37:40'),
(939263, 175079, 'Bharani Amarnath', 'No.1, 1st Street', '9876543210', 'cephilo@gmail.com', 600061, '2015-11-04 09:54:56'),
(939453, 225891, 'Vignesh', 'No.1, 1st Street', '9876543210', 'vigneshshanthi91@gmail.com', 600001, '2015-11-04 04:42:10'),
(950927, 175079, 'Bharani Amarnath', 'No.1, 1st Street', '9876543210', 'cephilo@gmail.com', 600061, '2015-11-05 04:42:03'),
(957004, 175079, 'Bharani Amarnath', 'No.1, 1st Street', '9876543210', 'cephilo@gmail.com', 600061, '2015-11-04 09:20:28'),
(957899, 175079, 'Bharani Amarnath', 'No.1, 1st Street', '9876543210', 'cephilo@gmail.com', 600061, '2015-10-21 08:22:16'),
(958631, 175079, 'Bharani Amarnath', 'No.1, 1st Street', '9876543210', 'cephilo@gmail.com', 600061, '2015-10-21 07:16:13'),
(961154, 175079, 'Bharani Amarnath', 'No.1, 1st Street', '9876543210', 'cephilo@gmail.com', 600061, '2015-10-20 05:58:18'),
(963785, 175079, 'Bharani Amarnath', 'No.1, 1st Street', '9876543210', 'cephilo@gmail.com', 600061, '2015-11-04 05:52:34'),
(965738, 175079, 'Bharani Amarnath', 'No.1, 1st Street', '9876543210', 'cephilo@gmail.com', 600061, '2015-11-02 08:11:19'),
(974310, 175079, 'Bharani Amarnath', 'No.1, 1st Street', '9876543210', 'cephilo@gmail.com', 600061, '2015-10-20 12:43:01'),
(976399, 175079, 'Bharani Amarnath', 'No.1, 1st Street', '9876543210', 'cephilo@gmail.com', 600061, '2015-10-21 07:11:44'),
(989610, 175079, 'Bharani Amarnath', 'No.1, 1st Street', '9876543210', 'cephilo@gmail.com', 600061, '2015-10-20 13:13:39'),
(990858, 175079, 'Bharani Amarnath', 'No.1, 1st Street', '9876543210', 'cephilo@gmail.com', 600061, '2015-11-01 05:35:43'),
(992702, 175079, 'Bharani Amarnath', 'No.1, 1st Street', '9876543210', 'cephilo@gmail.com', 600061, '2015-11-04 12:59:31'),
(994574, 225891, 'Vignesh', 'No.1, 1st Street', '9876543210', 'vigneshshanthi91@gmail.com', 600001, '2015-11-01 12:54:37'),
(994900, 175079, 'Bharani Amarnath', 'No.1, 1st Street', '9876543210', 'cephilo@gmail.com', 600061, '2015-10-18 06:15:47'),
(995062, 225891, 'Vignesh', 'No.1, 1st Street', '9876543210', 'vigneshshanthi91@gmail.com', 600001, '2015-11-04 08:06:45'),
(997450, 175079, 'Bharani Amarnath', 'No.1, 1st Street', '9876543210', 'cephilo@gmail.com', 600061, '2015-11-06 12:03:57'),
(998887, 175079, 'Bharani Amarnath', 'No.1, 1st Street', '9876543210', 'cephilo@gmail.com', 600061, '2015-11-05 04:01:34'),
(999891, 175079, 'Bharani Amarnath', 'No.1, 1st Street', '9876543210', 'cephilo@gmail.com', 600061, '2015-11-05 05:00:26');

-- --------------------------------------------------------

--
-- Table structure for table `orderdetail`
--

CREATE TABLE IF NOT EXISTS `orderdetail` (
  `orderid` int(6) NOT NULL,
  `productid` int(6) NOT NULL,
  `quantity` int(3) NOT NULL,
  `price` decimal(7,2) NOT NULL,
  `added` timestamp NOT NULL DEFAULT CURRENT_TIMESTAMP
) ENGINE=InnoDB DEFAULT CHARSET=latin1;

--
-- Dumping data for table `orderdetail`
--

INSERT INTO `orderdetail` (`orderid`, `productid`, `quantity`, `price`, `added`) VALUES
(850096, 649943, 1, '2750.00', '2015-10-18 06:24:46'),
(804707, 649943, 1, '2750.00', '2015-10-18 06:25:43'),
(499235, 649943, 1, '2750.00', '2015-10-18 06:26:24'),
(272233, 649943, 1, '2750.00', '2015-10-18 06:27:00'),
(547179, 649943, 1, '2750.00', '2015-10-18 06:27:30'),
(779291, 649943, 1, '2750.00', '2015-10-18 06:28:05'),
(458817, 649943, 1, '2750.00', '2015-10-18 06:29:45'),
(326120, 532317, 1, '2900.00', '2015-10-18 06:32:29'),
(51762, 532317, 1, '2900.00', '2015-10-18 06:34:36'),
(342775, 265644, 1, '3270.00', '2015-10-18 06:44:50'),
(26245, 983905, 1, '3250.00', '2015-10-18 06:52:31'),
(450461, 983905, 1, '3250.00', '2015-10-18 06:56:12'),
(846215, 532317, 1, '2900.00', '2015-10-18 07:01:03'),
(127800, 532317, 1, '2900.00', '2015-10-18 07:07:10'),
(127800, 649943, 1, '2750.00', '2015-10-18 07:07:10'),
(214477, 265644, 1, '3270.00', '2015-10-18 07:07:12'),
(661968, 532317, 1, '2900.00', '2015-10-18 08:21:15'),
(795267, 532317, 1, '2900.00', '2015-10-18 08:27:40'),
(795267, 649943, 1, '2750.00', '2015-10-18 08:27:40'),
(153048, 532317, 1, '2900.00', '2015-10-18 08:29:43'),
(153048, 649943, 1, '2750.00', '2015-10-18 08:29:43'),
(242768, 265644, 1, '3270.00', '2015-10-18 08:31:03'),
(388861, 265644, 2, '6540.00', '2015-10-18 11:25:59'),
(388861, 983905, 1, '3250.00', '2015-10-18 11:25:59'),
(873073, 495154, 1, '3500.00', '2015-10-19 05:07:17'),
(597167, 495154, 1, '3500.00', '2015-10-19 05:08:53'),
(787299, 495154, 1, '3500.00', '2015-10-19 05:11:05'),
(275499, 649943, 1, '2750.00', '2015-10-19 05:47:20'),
(862196, 265644, 1, '3270.00', '2015-10-19 10:45:24'),
(857476, 649943, 1, '2750.00', '2015-10-19 11:44:55'),
(857476, 265644, 1, '3270.00', '2015-10-19 11:44:55'),
(327555, 265644, 1, '3270.00', '2015-10-19 12:16:24'),
(218966, 649943, 1, '2750.00', '2015-10-19 12:18:28'),
(218966, 265644, 1, '3270.00', '2015-10-19 12:18:28'),
(535617, 649943, 1, '2750.00', '2015-10-19 13:29:57'),
(535617, 265644, 1, '3270.00', '2015-10-19 13:29:57'),
(592176, 649943, 1, '2750.00', '2015-10-19 13:34:18'),
(592176, 265644, 1, '3270.00', '2015-10-19 13:34:18'),
(852159, 649943, 1, '2750.00', '2015-10-19 13:45:29'),
(248019, 649943, 1, '2750.00', '2015-10-19 13:47:39'),
(248019, 532317, 1, '2900.00', '2015-10-19 13:47:39'),
(716254, 649943, 1, '2750.00', '2015-10-19 14:09:28'),
(132134, 649943, 1, '2750.00', '2015-10-19 14:18:36'),
(306966, 649943, 1, '2750.00', '2015-10-19 14:34:53'),
(573269, 649943, 1, '2750.00', '2015-10-19 14:58:09'),
(183078, 649943, 1, '2750.00', '2015-10-19 15:00:50'),
(815511, 214622, 2, '5600.00', '2015-10-20 05:32:16'),
(815511, 496108, 2, '5100.00', '2015-10-20 05:32:17'),
(461696, 214622, 1, '2800.00', '2015-10-20 05:34:01'),
(937635, 214622, 1, '2800.00', '2015-10-20 05:37:38'),
(801052, 214622, 1, '2800.00', '2015-10-20 05:40:28'),
(431098, 214622, 1, '2800.00', '2015-10-20 05:44:04'),
(844048, 214622, 1, '2800.00', '2015-10-20 05:57:11'),
(961154, 214622, 1, '2800.00', '2015-10-20 05:58:16'),
(824571, 214622, 1, '2800.00', '2015-10-20 06:00:05'),
(889350, 214622, 1, '2800.00', '2015-10-20 06:00:48'),
(261121, 214622, 1, '2800.00', '2015-10-20 12:39:09'),
(399386, 214622, 1, '2800.00', '2015-10-20 12:40:30'),
(777018, 214622, 1, '2800.00', '2015-10-20 12:41:12'),
(974310, 214622, 1, '2800.00', '2015-10-20 12:42:58'),
(243109, 214622, 1, '2800.00', '2015-10-20 12:50:17'),
(806070, 214622, 1, '2800.00', '2015-10-20 12:53:33'),
(254285, 483198, 1, '2700.00', '2015-10-20 12:55:18'),
(658284, 496108, 1, '2550.00', '2015-10-20 13:05:56'),
(268446, 649943, 1, '2750.00', '2015-10-20 13:09:57'),
(989610, 364070, 1, '2600.00', '2015-10-20 13:13:37'),
(302056, 364070, 1, '2600.00', '2015-10-20 13:17:01'),
(302056, 214622, 1, '2800.00', '2015-10-20 13:17:01'),
(272894, 214622, 1, '2800.00', '2015-10-20 13:21:10'),
(604166, 496108, 1, '2550.00', '2015-10-20 13:28:59'),
(855712, 483198, 1, '2700.00', '2015-10-20 13:34:26'),
(482584, 214622, 1, '2800.00', '2015-10-20 13:37:48'),
(143717, 214622, 1, '2800.00', '2015-10-20 13:41:32'),
(861192, 496108, 1, '2550.00', '2015-10-20 13:47:31'),
(266058, 214622, 1, '2800.00', '2015-10-20 13:51:42'),
(744086, 495154, 1, '3500.00', '2015-10-20 13:55:26'),
(224202, 495154, 1, '3500.00', '2015-10-20 13:59:22'),
(742160, 214622, 1, '2800.00', '2015-10-20 14:03:36'),
(245849, 214622, 1, '2800.00', '2015-10-20 14:07:04'),
(701931, 214622, 1, '2800.00', '2015-10-20 14:10:16'),
(123182, 495154, 1, '3500.00', '2015-10-20 14:14:53'),
(237494, 532317, 1, '2900.00', '2015-10-21 07:04:00'),
(237494, 214622, 1, '2800.00', '2015-10-21 07:04:00'),
(468804, 532317, 1, '2900.00', '2015-10-21 07:04:00'),
(468804, 495154, 1, '3500.00', '2015-10-21 07:04:00'),
(212483, 532317, 1, '2900.00', '2015-10-21 07:08:32'),
(310465, 532317, 1, '2900.00', '2015-10-21 07:08:36'),
(457763, 532317, 1, '2900.00', '2015-10-21 07:10:08'),
(976399, 532317, 1, '2900.00', '2015-10-21 07:11:42'),
(707600, 532317, 1, '2900.00', '2015-10-21 07:16:10'),
(707600, 649943, 1, '2750.00', '2015-10-21 07:16:10'),
(958631, 532317, 1, '2900.00', '2015-10-21 07:16:11'),
(958631, 214622, 1, '2800.00', '2015-10-21 07:16:11'),
(805528, 532317, 1, '2900.00', '2015-10-21 07:18:13'),
(653157, 532317, 1, '2900.00', '2015-10-21 08:22:11'),
(653157, 649943, 1, '2750.00', '2015-10-21 08:22:11'),
(957899, 495154, 1, '3500.00', '2015-10-21 08:22:14'),
(990858, 214622, 1, '2800.00', '2015-11-01 05:35:41'),
(831244, 214622, 1, '2800.00', '2015-11-01 06:25:47'),
(730848, 532317, 1, '2900.00', '2015-11-01 12:47:36'),
(730848, 495154, 2, '7000.00', '2015-11-01 12:47:36'),
(568874, 532317, 1, '2900.00', '2015-11-01 12:47:36'),
(568874, 214622, 1, '2800.00', '2015-11-01 12:47:36'),
(884006, 214622, 1, '2800.00', '2015-11-01 12:49:18'),
(884006, 495154, 2, '7000.00', '2015-11-01 12:49:18'),
(884006, 532317, 1, '2900.00', '2015-11-01 12:49:18'),
(745008, 532317, 1, '2900.00', '2015-11-01 12:49:21'),
(745008, 483198, 1, '2700.00', '2015-11-01 12:49:21'),
(627658, 532317, 1, '2900.00', '2015-11-01 12:51:30'),
(708767, 532317, 1, '2900.00', '2015-11-01 12:52:44'),
(756049, 532317, 1, '2900.00', '2015-11-01 12:54:35'),
(994574, 532317, 1, '2900.00', '2015-11-01 12:54:35'),
(499647, 532317, 1, '2900.00', '2015-11-01 12:57:12'),
(238145, 265644, 1, '3270.00', '2015-11-01 15:46:33'),
(695529, 265644, 1, '3270.00', '2015-11-01 15:54:08'),
(695529, 649943, 1, '2750.00', '2015-11-01 15:54:08'),
(166205, 214622, 2, '5600.00', '2015-11-01 15:54:09'),
(489800, 265644, 1, '3270.00', '2015-11-01 16:11:45'),
(489800, 649943, 1, '2750.00', '2015-11-01 16:11:45'),
(805474, 214622, 1, '2800.00', '2015-11-01 16:11:47'),
(805474, 495154, 1, '3500.00', '2015-11-01 16:11:47'),
(201063, 532317, 1, '2900.00', '2015-11-02 06:14:42'),
(201063, 649943, 1, '2750.00', '2015-11-02 06:14:42'),
(834988, 214622, 1, '2800.00', '2015-11-02 06:14:44'),
(126356, 532317, 1, '2900.00', '2015-11-02 06:19:12'),
(126356, 649943, 1, '2750.00', '2015-11-02 06:19:12'),
(195231, 214622, 1, '2800.00', '2015-11-02 06:19:13'),
(518256, 532317, 1, '2900.00', '2015-11-02 06:23:02'),
(622585, 496108, 1, '2550.00', '2015-11-02 06:23:14'),
(746609, 532317, 1, '2900.00', '2015-11-02 06:53:27'),
(895589, 214622, 1, '2800.00', '2015-11-02 06:53:29'),
(172308, 532317, 1, '2900.00', '2015-11-02 06:58:24'),
(172308, 649943, 1, '2750.00', '2015-11-02 06:58:24'),
(877278, 214622, 1, '2800.00', '2015-11-02 06:58:26'),
(181640, 496108, 1, '2550.00', '2015-11-02 07:10:10'),
(181640, 532317, 1, '2900.00', '2015-11-02 07:10:10'),
(434515, 532317, 1, '2900.00', '2015-11-02 07:10:12'),
(434515, 649943, 1, '2750.00', '2015-11-02 07:10:12'),
(390245, 532317, 1, '2900.00', '2015-11-02 07:12:36'),
(390245, 649943, 1, '2750.00', '2015-11-02 07:12:36'),
(836534, 214622, 1, '2800.00', '2015-11-02 07:12:39'),
(450439, 649943, 1, '2750.00', '2015-11-02 07:15:21'),
(624538, 532317, 1, '2900.00', '2015-11-02 07:24:00'),
(624538, 649943, 1, '2750.00', '2015-11-02 07:24:01'),
(901394, 214622, 1, '2800.00', '2015-11-02 07:24:02'),
(370496, 532317, 1, '2900.00', '2015-11-02 07:26:53'),
(370496, 649943, 1, '2750.00', '2015-11-02 07:26:53'),
(451741, 483198, 1, '2700.00', '2015-11-02 07:26:54'),
(237060, 265644, 1, '3270.00', '2015-11-02 07:31:01'),
(237060, 214622, 1, '2800.00', '2015-11-02 07:31:01'),
(237060, 532317, 1, '2900.00', '2015-11-02 07:31:01'),
(477593, 532317, 1, '2900.00', '2015-11-02 07:31:03'),
(477593, 495154, 1, '3500.00', '2015-11-02 07:31:03'),
(696668, 265644, 1, '3270.00', '2015-11-02 07:35:23'),
(696668, 532317, 1, '2900.00', '2015-11-02 07:35:23'),
(696668, 495154, 1, '3500.00', '2015-11-02 07:35:23'),
(672119, 532317, 1, '2900.00', '2015-11-02 07:35:25'),
(672119, 649943, 1, '2750.00', '2015-11-02 07:35:25'),
(672119, 214622, 1, '2800.00', '2015-11-02 07:35:25'),
(541720, 265644, 1, '3270.00', '2015-11-02 07:42:43'),
(541720, 214622, 1, '2800.00', '2015-11-02 07:42:43'),
(541720, 532317, 1, '2900.00', '2015-11-02 07:42:43'),
(244004, 495154, 1, '3500.00', '2015-11-02 07:42:45'),
(244004, 532317, 1, '2900.00', '2015-11-02 07:42:45'),
(517876, 265644, 1, '3270.00', '2015-11-02 07:54:51'),
(517876, 496108, 1, '2550.00', '2015-11-02 07:54:51'),
(517876, 532317, 1, '2900.00', '2015-11-02 07:54:51'),
(465793, 532317, 1, '2900.00', '2015-11-02 07:54:53'),
(465793, 649943, 1, '2750.00', '2015-11-02 07:54:53'),
(158013, 265644, 1, '3270.00', '2015-11-02 07:59:17'),
(158013, 532317, 1, '2900.00', '2015-11-02 07:59:17'),
(158013, 496108, 1, '2550.00', '2015-11-02 07:59:17'),
(696560, 532317, 1, '2900.00', '2015-11-02 07:59:21'),
(696560, 649943, 1, '2750.00', '2015-11-02 07:59:21'),
(965738, 265644, 1, '3270.00', '2015-11-02 08:11:17'),
(965738, 532317, 1, '2900.00', '2015-11-02 08:11:17'),
(965738, 649943, 1, '2750.00', '2015-11-02 08:11:17'),
(713270, 483198, 1, '2700.00', '2015-11-02 08:11:19'),
(111979, 265644, 1, '3270.00', '2015-11-02 08:22:16'),
(111979, 532317, 1, '2900.00', '2015-11-02 08:22:16'),
(111979, 836538, 1, '3750.00', '2015-11-02 08:22:16'),
(243923, 649943, 1, '2750.00', '2015-11-02 08:22:18'),
(220241, 265644, 1, '3270.00', '2015-11-02 10:09:14'),
(220241, 483198, 1, '2700.00', '2015-11-02 10:09:14'),
(220241, 532317, 1, '2900.00', '2015-11-02 10:09:15'),
(766655, 532317, 1, '2900.00', '2015-11-02 10:24:50'),
(766655, 265644, 1, '3270.00', '2015-11-02 10:24:50'),
(766655, 214622, 1, '2800.00', '2015-11-02 10:24:50'),
(586534, 532317, 1, '2900.00', '2015-11-02 10:24:50'),
(586534, 265644, 1, '3270.00', '2015-11-02 10:24:50'),
(586534, 649943, 1, '2750.00', '2015-11-02 10:24:50'),
(628228, 265644, 1, '3270.00', '2015-11-02 10:37:09'),
(628228, 532317, 1, '2900.00', '2015-11-02 10:37:09'),
(628228, 496108, 1, '2550.00', '2015-11-02 10:37:09'),
(628228, 649943, 1, '2750.00', '2015-11-02 10:37:09'),
(171929, 649943, 1, '2750.00', '2015-11-02 10:37:11'),
(330186, 364070, 1, '2600.00', '2015-11-03 10:43:29'),
(939453, 483198, 1, '2700.00', '2015-11-04 04:42:09'),
(497667, 836538, 1, '3750.00', '2015-11-04 04:45:57'),
(918267, 483198, 1, '2700.00', '2015-11-04 04:52:56'),
(918267, 983905, 1, '3250.00', '2015-11-04 04:52:57'),
(844943, 836538, 1, '3750.00', '2015-11-04 04:58:20'),
(844943, 983905, 1, '3250.00', '2015-11-04 04:58:20'),
(730414, 983905, 1, '3250.00', '2015-11-04 04:58:21'),
(730414, 483198, 1, '2700.00', '2015-11-04 04:58:21'),
(802137, 483198, 1, '2700.00', '2015-11-04 05:04:53'),
(439019, 483198, 1, '2700.00', '2015-11-04 05:04:55'),
(573540, 214622, 1, '2800.00', '2015-11-04 05:09:28'),
(743516, 133421, 1, '2560.00', '2015-11-04 05:09:29'),
(406765, 265644, 1, '3270.00', '2015-11-04 05:25:18'),
(406765, 649943, 1, '2750.00', '2015-11-04 05:25:18'),
(406765, 983905, 1, '3250.00', '2015-11-04 05:25:18'),
(796522, 983905, 1, '3250.00', '2015-11-04 05:25:33'),
(796522, 495154, 1, '3500.00', '2015-11-04 05:25:33'),
(297308, 265644, 1, '3270.00', '2015-11-04 05:31:20'),
(297308, 820444, 1, '2400.00', '2015-11-04 05:31:20'),
(297308, 983905, 1, '3250.00', '2015-11-04 05:31:20'),
(390407, 983905, 1, '3250.00', '2015-11-04 05:31:22'),
(390407, 532317, 1, '2900.00', '2015-11-04 05:31:22'),
(963785, 265644, 1, '3270.00', '2015-11-04 05:52:32'),
(963785, 532317, 1, '2900.00', '2015-11-04 05:52:32'),
(963785, 649943, 1, '2750.00', '2015-11-04 05:52:32'),
(329915, 532317, 1, '2900.00', '2015-11-04 05:52:34'),
(189100, 265644, 1, '3270.00', '2015-11-04 08:01:58'),
(189100, 532317, 1, '2900.00', '2015-11-04 08:01:58'),
(189100, 820444, 1, '2400.00', '2015-11-04 08:01:58'),
(547417, 649943, 1, '2750.00', '2015-11-04 08:02:00'),
(905164, 265644, 1, '3270.00', '2015-11-04 08:06:42'),
(905164, 532317, 1, '2900.00', '2015-11-04 08:06:42'),
(905164, 649943, 1, '2750.00', '2015-11-04 08:06:42'),
(995062, 820444, 1, '2400.00', '2015-11-04 08:06:43'),
(307834, 265644, 1, '3270.00', '2015-11-04 08:13:32'),
(307834, 532317, 1, '2900.00', '2015-11-04 08:13:32'),
(307834, 649943, 1, '2750.00', '2015-11-04 08:13:32'),
(764973, 820444, 1, '2400.00', '2015-11-04 08:13:34'),
(142849, 265644, 1, '3270.00', '2015-11-04 08:30:56'),
(142849, 532317, 1, '2900.00', '2015-11-04 08:30:56'),
(142849, 649943, 1, '2750.00', '2015-11-04 08:30:56'),
(389729, 496108, 1, '2550.00', '2015-11-04 08:30:58'),
(699028, 265644, 1, '3270.00', '2015-11-04 08:37:36'),
(699028, 532317, 1, '2900.00', '2015-11-04 08:37:36'),
(699028, 496108, 1, '2550.00', '2015-11-04 08:37:36'),
(593695, 214622, 1, '2800.00', '2015-11-04 08:37:38'),
(932834, 265644, 1, '3270.00', '2015-11-04 08:46:07'),
(932834, 532317, 1, '2900.00', '2015-11-04 08:46:07'),
(932834, 649943, 1, '2750.00', '2015-11-04 08:46:07'),
(618136, 532317, 1, '2900.00', '2015-11-04 08:46:08'),
(618136, 495154, 1, '3500.00', '2015-11-04 08:46:08'),
(402696, 265644, 1, '3270.00', '2015-11-04 08:50:13'),
(402696, 532317, 1, '2900.00', '2015-11-04 08:50:13'),
(402696, 649943, 1, '2750.00', '2015-11-04 08:50:13'),
(170057, 820444, 1, '2400.00', '2015-11-04 08:50:15'),
(515136, 265644, 1, '3270.00', '2015-11-04 09:09:45'),
(515136, 532317, 1, '2900.00', '2015-11-04 09:09:45'),
(515136, 649943, 1, '2750.00', '2015-11-04 09:09:45'),
(447916, 820444, 1, '2400.00', '2015-11-04 09:09:46'),
(957004, 265644, 1, '3270.00', '2015-11-04 09:20:26'),
(957004, 532317, 1, '2900.00', '2015-11-04 09:20:26'),
(957004, 820444, 1, '2400.00', '2015-11-04 09:20:26'),
(196533, 649943, 1, '2750.00', '2015-11-04 09:20:28'),
(328884, 265644, 1, '3270.00', '2015-11-04 09:30:54'),
(328884, 532317, 1, '2900.00', '2015-11-04 09:30:54'),
(328884, 649943, 1, '2750.00', '2015-11-04 09:30:54'),
(421576, 820444, 1, '2400.00', '2015-11-04 09:30:55'),
(801703, 265644, 1, '3270.00', '2015-11-04 09:40:17'),
(801703, 532317, 1, '2900.00', '2015-11-04 09:40:17'),
(801703, 649943, 1, '2750.00', '2015-11-04 09:40:17'),
(208089, 820444, 1, '2400.00', '2015-11-04 09:40:18'),
(939263, 265644, 1, '3270.00', '2015-11-04 09:54:54'),
(939263, 532317, 1, '2900.00', '2015-11-04 09:54:54'),
(939263, 649943, 1, '2750.00', '2015-11-04 09:54:54'),
(781928, 820444, 1, '2400.00', '2015-11-04 09:54:55'),
(589572, 265644, 1, '3270.00', '2015-11-04 10:12:48'),
(589572, 532317, 1, '2900.00', '2015-11-04 10:12:48'),
(589572, 820444, 1, '2400.00', '2015-11-04 10:12:48'),
(722140, 649943, 1, '2750.00', '2015-11-04 10:12:50'),
(865180, 265644, 1, '3270.00', '2015-11-04 12:45:23'),
(865180, 532317, 1, '2900.00', '2015-11-04 12:45:23'),
(865180, 649943, 1, '2750.00', '2015-11-04 12:45:23'),
(713351, 820444, 1, '2400.00', '2015-11-04 12:45:25'),
(992702, 265644, 1, '3270.00', '2015-11-04 12:59:29'),
(992702, 532317, 1, '2900.00', '2015-11-04 12:59:29'),
(992702, 820444, 1, '2400.00', '2015-11-04 12:59:29'),
(534342, 532317, 1, '2900.00', '2015-11-04 12:59:30'),
(534342, 649943, 1, '2750.00', '2015-11-04 12:59:31'),
(408826, 265644, 1, '3270.00', '2015-11-04 13:06:26'),
(408826, 532317, 1, '2900.00', '2015-11-04 13:06:26'),
(408826, 820444, 1, '2400.00', '2015-11-04 13:06:26'),
(884494, 649943, 1, '2750.00', '2015-11-04 13:06:27'),
(998887, 265644, 1, '3270.00', '2015-11-05 04:01:31'),
(998887, 532317, 1, '2900.00', '2015-11-05 04:01:32'),
(998887, 649943, 1, '2750.00', '2015-11-05 04:01:32'),
(704915, 532317, 1, '2900.00', '2015-11-05 04:01:33'),
(704915, 820444, 1, '2400.00', '2015-11-05 04:01:33'),
(379855, 649943, 1, '2750.00', '2015-11-05 04:08:19'),
(861083, 820444, 1, '2400.00', '2015-11-05 04:08:21'),
(475260, 649943, 1, '2750.00', '2015-11-05 04:15:29'),
(338650, 820444, 1, '2400.00', '2015-11-05 04:15:31'),
(139187, 649943, 1, '2750.00', '2015-11-05 04:27:40'),
(747748, 820444, 1, '2400.00', '2015-11-05 04:27:42'),
(568088, 265644, 1, '3270.00', '2015-11-05 04:37:02'),
(568088, 532317, 1, '2900.00', '2015-11-05 04:37:02'),
(568088, 649943, 1, '2750.00', '2015-11-05 04:37:02'),
(575737, 820444, 1, '2400.00', '2015-11-05 04:37:03'),
(950927, 265644, 1, '3270.00', '2015-11-05 04:42:02'),
(999891, 265644, 1, '3270.00', '2015-11-05 05:00:25'),
(816731, 265644, 1, '3270.00', '2015-11-05 05:10:45'),
(756971, 265644, 1, '3270.00', '2015-11-05 05:20:37'),
(825737, 133421, 1, '2560.00', '2015-11-05 06:03:43'),
(641411, 836538, 1, '1750.00', '2015-11-05 09:38:10'),
(179307, 836538, 1, '1750.00', '2015-11-05 09:51:31'),
(179307, 133421, 1, '2560.00', '2015-11-05 09:51:31'),
(402180, 214622, 1, '2800.00', '2015-11-05 10:00:36'),
(881130, 214622, 1, '2800.00', '2015-11-05 10:06:01'),
(740532, 265644, 1, '3270.00', '2015-11-05 10:16:12'),
(534288, 133421, 1, '2560.00', '2015-11-05 11:45:28'),
(534288, 214622, 2, '5600.00', '2015-11-05 11:45:28'),
(451415, 133421, 1, '2560.00', '2015-11-05 11:51:06'),
(460828, 532317, 1, '2900.00', '2015-11-06 02:41:19'),
(167290, 532317, 1, '2900.00', '2015-11-06 11:51:18'),
(759385, 532317, 1, '2900.00', '2015-11-06 11:59:40'),
(997450, 532317, 1, '2900.00', '2015-11-06 12:03:56'),
(806938, 532317, 1, '2900.00', '2015-11-06 12:07:59'),
(732801, 532317, 1, '2900.00', '2015-11-07 08:00:38'),
(702907, 532317, 1, '2900.00', '2015-11-07 08:12:44'),
(765218, 532317, 1, '2900.00', '2015-11-07 08:20:16'),
(584418, 532317, 1, '2900.00', '2015-11-07 08:52:12'),
(609212, 532317, 1, '2900.00', '2015-11-07 10:08:31'),
(609212, 649943, 1, '2750.00', '2015-11-07 10:08:31'),
(222818, 214622, 1, '2800.00', '2015-11-07 10:08:32'),
(304036, 133421, 1, '2560.00', '2015-11-07 10:16:55'),
(919297, 133421, 1, '2560.00', '2015-11-07 10:22:02'),
(145589, 133421, 1, '2560.00', '2015-11-07 10:25:52'),
(813612, 882751, 1, '2500.00', '2015-11-07 13:04:35'),
(282416, 214622, 1, '2800.00', '2015-11-07 13:22:19'),
(632161, 214622, 1, '2800.00', '2015-11-07 13:23:34'),
(507188, 265644, 1, '3270.00', '2015-11-07 13:25:03'),
(360080, 483198, 1, '2700.00', '2015-11-07 14:31:04'),
(778076, 820444, 1, '2400.00', '2015-11-07 14:34:07'),
(111436, 265644, 1, '3270.00', '2015-11-07 14:35:09'),
(493435, 265644, 1, '3270.00', '2015-11-07 14:36:36'),
(881293, 265644, 1, '3270.00', '2015-11-07 14:37:52'),
(494004, 495154, 1, '3500.00', '2015-11-07 14:38:54'),
(695312, 265644, 1, '3270.00', '2015-11-07 14:42:03');

-- --------------------------------------------------------

--
-- Table structure for table `orders`
--

CREATE TABLE IF NOT EXISTS `orders` (
  `orderid` int(6) NOT NULL,
  `customerid` int(6) NOT NULL,
  `status` int(1) NOT NULL,
  `added` timestamp NOT NULL DEFAULT CURRENT_TIMESTAMP,
  PRIMARY KEY (`orderid`)
) ENGINE=InnoDB DEFAULT CHARSET=latin1;

--
-- Dumping data for table `orders`
--

INSERT INTO `orders` (`orderid`, `customerid`, `status`, `added`) VALUES
(26245, 175079, 0, '2015-10-18 06:52:30'),
(49930, 225891, 0, '2015-10-18 08:27:43'),
(51762, 175079, 0, '2015-10-18 06:34:35'),
(111436, 175079, 0, '2015-11-07 14:35:12'),
(111979, 175079, 0, '2015-11-02 08:22:15'),
(123182, 175079, 0, '2015-10-20 14:14:52'),
(125685, 175079, 0, '2015-10-18 06:59:12'),
(126356, 175079, 0, '2015-11-02 06:19:11'),
(127800, 175079, 0, '2015-10-18 07:07:09'),
(132134, 175079, 0, '2015-10-19 14:18:35'),
(139187, 175079, 0, '2015-11-05 04:27:43'),
(142849, 175079, 0, '2015-11-04 08:30:59'),
(143717, 175079, 0, '2015-10-20 13:41:31'),
(145589, 175079, 0, '2015-11-07 10:25:54'),
(153048, 175079, 0, '2015-10-18 08:29:42'),
(158013, 175079, 0, '2015-11-02 07:59:16'),
(166205, 225891, 0, '2015-11-01 15:54:08'),
(167290, 175079, 0, '2015-11-06 11:51:20'),
(170057, 225891, 0, '2015-11-04 08:50:18'),
(171929, 175079, 1, '2015-11-02 10:37:10'),
(172308, 225891, 0, '2015-11-02 06:58:23'),
(179307, 225891, 0, '2015-11-05 09:51:33'),
(181640, 225891, 0, '2015-11-02 07:10:09'),
(183078, 175079, 0, '2015-10-19 15:00:49'),
(189100, 175079, 0, '2015-11-04 08:02:01'),
(195231, 225891, 0, '2015-11-02 06:19:12'),
(196533, 225891, 0, '2015-11-04 09:20:31'),
(201063, 175079, 0, '2015-11-02 06:14:41'),
(208089, 225891, 0, '2015-11-04 09:40:22'),
(212483, 225891, 0, '2015-10-21 07:08:31'),
(214477, 225891, 0, '2015-10-18 07:07:11'),
(218966, 175079, 0, '2015-10-19 12:18:27'),
(220241, 175079, 0, '2015-11-02 10:09:13'),
(222818, 175079, 0, '2015-11-07 10:08:34'),
(224202, 175079, 0, '2015-10-20 13:59:20'),
(237060, 225891, 0, '2015-11-02 07:31:00'),
(237494, 225891, 0, '2015-10-21 07:03:59'),
(238145, 175079, 0, '2015-11-01 15:46:32'),
(241036, 175079, 0, '2015-10-18 06:16:43'),
(242768, 225891, 0, '2015-10-18 08:31:02'),
(243109, 175079, 0, '2015-10-20 12:50:16'),
(243923, 225891, 0, '2015-11-02 08:22:17'),
(244004, 225891, 0, '2015-11-02 07:42:44'),
(245414, 225891, 0, '2015-10-18 07:01:04'),
(245849, 175079, 0, '2015-10-20 14:07:03'),
(248019, 175079, 0, '2015-10-19 13:47:38'),
(248404, 175079, 0, '2015-10-18 06:17:44'),
(254285, 175079, 0, '2015-10-20 12:55:17'),
(261121, 175079, 0, '2015-10-20 12:39:08'),
(266058, 175079, 0, '2015-10-20 13:51:41'),
(268446, 175079, 0, '2015-10-20 13:09:56'),
(272233, 175079, 0, '2015-10-18 06:27:01'),
(272894, 175079, 0, '2015-10-20 13:21:09'),
(275499, 175079, 0, '2015-10-19 05:47:19'),
(282416, 175079, 0, '2015-11-07 13:22:21'),
(295692, 175079, 0, '2015-10-18 06:17:04'),
(297308, 175079, 0, '2015-11-04 05:31:23'),
(302056, 175079, 0, '2015-10-20 13:17:00'),
(304036, 175079, 0, '2015-11-07 10:16:57'),
(306966, 175079, 0, '2015-10-19 14:34:52'),
(307834, 175079, 0, '2015-11-04 08:13:36'),
(310465, 175079, 0, '2015-10-21 07:08:35'),
(326120, 175079, 0, '2015-10-18 06:32:30'),
(327555, 175079, 0, '2015-10-19 12:16:23'),
(328884, 175079, 0, '2015-11-04 09:30:57'),
(329915, 225891, 0, '2015-11-04 05:52:37'),
(330186, 175079, 1, '2015-11-03 10:43:31'),
(338650, 225891, 0, '2015-11-05 04:15:35'),
(342775, 175079, 0, '2015-10-18 06:44:49'),
(360080, 175079, 0, '2015-11-07 14:31:06'),
(370496, 225891, 0, '2015-11-02 07:26:51'),
(379855, 175079, 0, '2015-11-05 04:08:23'),
(388861, 175079, 0, '2015-10-18 11:25:58'),
(389729, 225891, 0, '2015-11-04 08:31:01'),
(390245, 175079, 0, '2015-11-02 07:12:35'),
(390407, 225891, 0, '2015-11-04 05:31:25'),
(399386, 175079, 0, '2015-10-20 12:40:29'),
(402180, 225891, 0, '2015-11-05 10:00:38'),
(402696, 175079, 0, '2015-11-04 08:50:17'),
(406765, 225891, 0, '2015-11-04 05:25:21'),
(406819, 175079, 0, '2015-11-04 04:42:09'),
(408826, 175079, 0, '2015-11-04 13:06:30'),
(421576, 225891, 0, '2015-11-04 09:30:59'),
(431098, 175079, 0, '2015-10-20 05:44:03'),
(434515, 175079, 0, '2015-11-02 07:10:11'),
(439019, 175079, 0, '2015-11-04 05:04:57'),
(441704, 175079, 0, '2015-11-04 04:53:00'),
(444283, 225891, 0, '2015-10-18 08:21:16'),
(447916, 225891, 0, '2015-11-04 09:09:50'),
(450439, 175079, 0, '2015-11-02 07:15:20'),
(450461, 175079, 0, '2015-10-18 06:56:11'),
(451415, 483276, 0, '2015-11-05 11:51:09'),
(451741, 175079, 0, '2015-11-02 07:26:53'),
(457763, 225891, 0, '2015-10-21 07:10:07'),
(458817, 175079, 0, '2015-10-18 06:29:46'),
(460828, 175079, 0, '2015-11-06 02:41:21'),
(461696, 175079, 0, '2015-10-20 05:34:00'),
(465793, 225891, 0, '2015-11-02 07:54:52'),
(468804, 175079, 0, '2015-10-21 07:03:59'),
(475260, 175079, 0, '2015-11-05 04:15:33'),
(477593, 175079, 0, '2015-11-02 07:31:02'),
(482584, 175079, 0, '2015-10-20 13:37:47'),
(489800, 225891, 0, '2015-11-01 16:11:44'),
(493435, 175079, 0, '2015-11-07 14:36:39'),
(494004, 175079, 0, '2015-11-07 14:38:57'),
(497667, 175079, 0, '2015-11-04 04:46:00'),
(499235, 175079, 0, '2015-10-18 06:26:25'),
(499647, 225891, 0, '2015-11-01 12:57:11'),
(507188, 175079, 0, '2015-11-07 13:25:05'),
(515136, 175079, 0, '2015-11-04 09:09:48'),
(517876, 175079, 0, '2015-11-02 07:54:50'),
(517927, 225891, 0, '2015-10-18 06:52:38'),
(518256, 175079, 0, '2015-11-02 06:23:01'),
(534288, 483276, 0, '2015-11-05 11:45:30'),
(534342, 225891, 0, '2015-11-04 12:59:34'),
(535617, 175079, 0, '2015-10-19 13:29:56'),
(541720, 175079, 0, '2015-11-02 07:42:42'),
(547179, 175079, 0, '2015-10-18 06:27:31'),
(547417, 225891, 0, '2015-11-04 08:02:03'),
(568088, 175079, 0, '2015-11-05 04:37:04'),
(568874, 175079, 0, '2015-11-01 12:47:35'),
(573269, 175079, 0, '2015-10-19 14:58:08'),
(573540, 225891, 0, '2015-11-04 05:09:30'),
(575737, 225891, 1, '2015-11-05 04:37:06'),
(584418, 483276, 0, '2015-11-07 08:52:14'),
(586534, 175079, 0, '2015-11-02 10:24:49'),
(589572, 175079, 0, '2015-11-04 10:12:51'),
(592176, 175079, 0, '2015-10-19 13:34:17'),
(593695, 225891, 1, '2015-11-04 08:37:41'),
(597167, 175079, 0, '2015-10-19 05:08:55'),
(604166, 175079, 0, '2015-10-20 13:28:58'),
(609212, 483276, 1, '2015-11-07 10:08:34'),
(618136, 225891, 0, '2015-11-04 08:46:11'),
(622585, 225891, 0, '2015-11-02 06:23:13'),
(624538, 225891, 0, '2015-11-02 07:23:59'),
(627658, 225891, 0, '2015-11-01 12:51:29'),
(628228, 175079, 1, '2015-11-02 10:37:08'),
(632161, 175079, 0, '2015-11-07 13:23:36'),
(641411, 225891, 0, '2015-11-05 09:38:12'),
(653157, 225891, 0, '2015-10-21 08:22:10'),
(658284, 175079, 0, '2015-10-20 13:05:55'),
(661968, 175079, 0, '2015-10-18 08:21:14'),
(672119, 175079, 0, '2015-11-02 07:35:24'),
(682752, 175079, 0, '2015-10-19 13:43:01'),
(695312, 175079, 0, '2015-11-07 14:42:05'),
(695529, 175079, 0, '2015-11-01 15:54:07'),
(696560, 225891, 0, '2015-11-02 07:59:20'),
(696668, 225891, 0, '2015-11-02 07:35:22'),
(699028, 175079, 0, '2015-11-04 08:37:40'),
(701931, 175079, 0, '2015-10-20 14:10:15'),
(702907, 175079, 1, '2015-11-07 08:12:46'),
(704915, 225891, 0, '2015-11-05 04:01:36'),
(707600, 225891, 0, '2015-10-21 07:16:09'),
(708767, 225891, 0, '2015-11-01 12:52:43'),
(713270, 225891, 0, '2015-11-02 08:11:18'),
(713351, 225891, 0, '2015-11-04 12:45:28'),
(716254, 175079, 0, '2015-10-19 14:09:27'),
(722140, 225891, 0, '2015-11-04 10:12:53'),
(730414, 225891, 0, '2015-11-04 04:58:23'),
(730848, 225891, 0, '2015-11-01 12:47:35'),
(732801, 175079, 0, '2015-11-07 08:00:40'),
(740532, 225891, 0, '2015-11-05 10:16:14'),
(742160, 175079, 0, '2015-10-20 14:03:35'),
(743516, 175079, 0, '2015-11-04 05:09:31'),
(744086, 175079, 0, '2015-10-20 13:55:25'),
(745008, 175079, 0, '2015-11-01 12:49:19'),
(746609, 175079, 0, '2015-11-02 06:53:26'),
(747748, 225891, 0, '2015-11-05 04:27:44'),
(756049, 175079, 0, '2015-11-01 12:54:33'),
(756971, 225891, 0, '2015-11-05 05:20:40'),
(759385, 175079, 0, '2015-11-06 11:59:42'),
(764973, 225891, 0, '2015-11-04 08:13:37'),
(765218, 483276, 0, '2015-11-07 08:20:18'),
(766655, 175079, 0, '2015-11-02 10:24:49'),
(772294, 175079, 0, '2015-10-18 06:19:02'),
(777018, 175079, 0, '2015-10-20 12:41:11'),
(778076, 175079, 0, '2015-11-07 14:34:09'),
(779291, 175079, 0, '2015-10-18 06:28:06'),
(781928, 225891, 0, '2015-11-04 09:54:59'),
(787299, 175079, 0, '2015-10-19 05:11:04'),
(791720, 175079, 0, '2015-10-18 06:18:02'),
(795267, 175079, 0, '2015-10-18 08:27:39'),
(796522, 175079, 0, '2015-11-04 05:25:37'),
(801052, 175079, 0, '2015-10-20 05:40:27'),
(801703, 175079, 0, '2015-11-04 09:40:20'),
(802137, 225891, 0, '2015-11-04 05:04:55'),
(804707, 175079, 0, '2015-10-18 06:25:45'),
(805474, 175079, 0, '2015-11-01 16:11:46'),
(805528, 175079, 0, '2015-10-21 07:18:12'),
(806070, 175079, 0, '2015-10-20 12:53:32'),
(813612, 175079, 0, '2015-11-07 13:04:37'),
(815511, 175079, 0, '2015-10-20 05:32:15'),
(816731, 225891, 0, '2015-11-05 05:10:47'),
(824571, 175079, 0, '2015-10-20 06:00:04'),
(825737, 175079, 1, '2015-11-05 06:03:45'),
(831244, 175079, 0, '2015-11-01 06:25:46'),
(834988, 225891, 0, '2015-11-02 06:14:42'),
(836534, 225891, 0, '2015-11-02 07:12:38'),
(844048, 175079, 0, '2015-10-20 05:57:10'),
(844943, 175079, 0, '2015-11-04 04:58:22'),
(846215, 175079, 0, '2015-10-18 07:01:02'),
(846381, 225891, 0, '2015-11-04 04:45:56'),
(849229, 225891, 0, '2015-11-01 15:46:34'),
(850096, 175079, 0, '2015-10-18 06:24:47'),
(852159, 175079, 0, '2015-10-19 13:45:28'),
(855712, 175079, 0, '2015-10-20 13:34:25'),
(857476, 175079, 0, '2015-10-19 11:44:54'),
(861083, 225891, 0, '2015-11-05 04:08:24'),
(861192, 175079, 0, '2015-10-20 13:47:30'),
(862196, 175079, 0, '2015-10-19 10:45:23'),
(865180, 175079, 0, '2015-11-04 12:45:27'),
(868652, 483276, 0, '2015-11-06 11:51:20'),
(873073, 175079, 0, '2015-10-19 05:07:19'),
(877278, 175079, 0, '2015-11-02 06:58:25'),
(881130, 225891, 0, '2015-11-05 10:06:03'),
(881293, 175079, 0, '2015-11-07 14:37:54'),
(884006, 225891, 0, '2015-11-01 12:49:17'),
(884494, 225891, 0, '2015-11-04 13:06:31'),
(889350, 175079, 1, '2015-10-20 06:00:47'),
(895589, 225891, 0, '2015-11-02 06:53:28'),
(901394, 175079, 0, '2015-11-02 07:24:01'),
(905164, 175079, 0, '2015-11-04 08:06:45'),
(918267, 225891, 0, '2015-11-04 04:52:59'),
(919297, 175079, 0, '2015-11-07 10:22:04'),
(932834, 175079, 0, '2015-11-04 08:46:10'),
(937635, 175079, 0, '2015-10-20 05:37:37'),
(939263, 175079, 0, '2015-11-04 09:54:57'),
(939453, 225891, 0, '2015-11-04 04:42:11'),
(950927, 175079, 0, '2015-11-05 04:42:04'),
(957004, 175079, 0, '2015-11-04 09:20:29'),
(957899, 175079, 0, '2015-10-21 08:22:13'),
(958631, 175079, 0, '2015-10-21 07:16:10'),
(961154, 175079, 0, '2015-10-20 05:58:15'),
(963785, 175079, 0, '2015-11-04 05:52:35'),
(965738, 175079, 0, '2015-11-02 08:11:16'),
(974310, 175079, 0, '2015-10-20 12:42:57'),
(976399, 175079, 0, '2015-10-21 07:11:41'),
(989610, 175079, 0, '2015-10-20 13:13:36'),
(990858, 175079, 0, '2015-11-01 05:35:40'),
(992702, 175079, 0, '2015-11-04 12:59:32'),
(994574, 225891, 0, '2015-11-01 12:54:34'),
(994900, 175079, 0, '2015-10-18 06:15:45'),
(995062, 225891, 0, '2015-11-04 08:06:46'),
(997450, 175079, 0, '2015-11-06 12:03:59'),
(998887, 175079, 0, '2015-11-05 04:01:35'),
(999891, 175079, 0, '2015-11-05 05:00:27');

-- --------------------------------------------------------

--
-- Table structure for table `products`
--

CREATE TABLE IF NOT EXISTS `products` (
  `pid` int(6) NOT NULL,
  `pname` varchar(30) NOT NULL,
  `pcategory` int(6) NOT NULL,
  `pdescription` varchar(128) NOT NULL,
  `pprice` decimal(7,2) NOT NULL,
  `pbrand` int(6) NOT NULL,
  `pimage` varchar(512) NOT NULL,
  `pthumb` varchar(512) NOT NULL,
  `created` timestamp NOT NULL DEFAULT CURRENT_TIMESTAMP,
  PRIMARY KEY (`pid`)
) ENGINE=InnoDB DEFAULT CHARSET=latin1;

--
-- Dumping data for table `products`
--

INSERT INTO `products` (`pid`, `pname`, `pcategory`, `pdescription`, `pprice`, `pbrand`, `pimage`, `pthumb`, `created`) VALUES
(106799, 'Lumi Bracelet 47', 713288, 'Bracelet for women', '750.00', 537122, 'images/products/Women/Jewelry/Bracelet/106799.jpg', 'images/products/Women/Jewelry/Bracelet/thumbs/106799.jpg', '2015-11-01 04:44:14'),
(133421, 'Lumi Sling 8339', 516885, 'Lumibella Sling grey handbag', '2560.00', 537122, 'images/products/Women/Handbag/Sling/133421.jpg', 'images/products/Women/Handbag/Sling/thumbs/133421.jpg', '2015-10-03 11:42:02'),
(214622, 'Lumi Tote 8413 Brown', 516885, 'Lumibella stylish brown tote', '2800.00', 537122, 'images/products/Women/Handbag/Sling/214622.jpg', 'images/products/Women/Handbag/Sling/thumbs/214622.jpg', '2015-10-03 11:49:57'),
(265644, 'Lumi Sling 8185 Pink', 516885, 'Lumibella Sling Stylish pink bag', '3270.00', 537122, 'images/products/Women/Handbag/Sling/265644.jpg', 'images/products/Women/Handbag/Sling/thumbs/265644.jpg', '2015-10-03 11:38:21'),
(364070, 'Lumi Tote 8404 White', 180681, 'Lumibella white tote handbag', '2600.00', 537122, 'images/products/Women/Handbag/Tote/364070.jpg', 'images/products/Women/Handbag/Tote/thumbs/364070.jpg', '2015-10-03 11:47:56'),
(483198, 'Lumi Sling 8404', 516885, 'Lumibella stylish brown sling', '2700.00', 537122, 'images/products/Women/Handbag/Sling/483198.jpg', 'images/products/Women/Handbag/Sling/thumbs/483198.jpg', '2015-10-03 11:48:50'),
(495154, 'Lumi Sling 8450 Style', 516885, 'Lumibella stylish printed sling', '3500.00', 537122, 'images/products/Women/Handbag/Sling/495154.jpg', 'images/products/Women/Handbag/Sling/thumbs/495154.jpg', '2015-10-03 11:53:13'),
(496108, 'Lumi Sling 8442 White', 516885, 'Lumibella white sling bag', '2550.00', 537122, 'images/products/Women/Handbag/Sling/496108.jpg', 'images/products/Women/Handbag/Sling/thumbs/496108.jpg', '2015-10-03 11:50:50'),
(532317, 'Lumi Sling 8220 White', 516885, 'Lumibella white sling handbag', '2900.00', 537122, 'images/products/Women/Handbag/Sling/532317.jpg', 'images/products/Women/Handbag/Sling/thumbs/532317.jpg', '2015-10-03 11:40:00'),
(569554, 'Lumi Tote 8445 White', 180681, 'Lumibella white stylish tote', '2530.00', 537122, 'images/products/Women/Handbag/Tote/569554.jpg', 'images/products/Women/Handbag/Tote/thumbs/569554.jpg', '2015-10-03 11:52:02'),
(613457, 'Lumi Tote 8317', 180681, 'Lumibella stylish tote bag', '3750.00', 537122, 'images/products/Women/Handbag/Tote/613457.jpg', 'images/products/Women/Handbag/Tote/thumbs/613457.jpg', '2015-10-03 11:40:57'),
(649943, 'Lumi Sling 8010 Pink', 516885, 'Lumibella Sling pink handbag', '2750.00', 537122, 'images/products/Women/Handbag/Sling/649943.jpg', 'images/products/Women/Handbag/Sling/thumbs/649943.jpg', '2015-10-03 11:37:14'),
(815005, 'Lumi Bracelet 48', 713288, 'Bracelet for women', '1250.00', 537122, 'images/products/Women/Jewelry/Bracelet/815005.jpg', 'images/products/Women/Jewelry/Bracelet/thumbs/815005.jpg', '2015-11-01 04:45:00'),
(820444, 'Lumi Sling 8357 White', 516885, 'Lumibella Sling white handbag', '2400.00', 537122, 'images/products/Women/Handbag/Sling/820444.jpg', 'images/products/Women/Handbag/Sling/thumbs/820444.jpg', '2015-10-03 04:59:34'),
(836538, 'Lumi Sling 8386 pink', 516885, 'Lumibella stylish pink sling', '1750.00', 537122, 'images/products/Women/Handbag/Sling/836538.jpg', 'images/products/Women/Handbag/Sling/thumbs/836538.jpg', '2015-10-03 11:47:02'),
(882751, 'Lumi Tote 8358 Black', 180681, 'Lumibella black tote handbag', '2500.00', 537122, 'images/products/Women/Handbag/Tote/882751.jpg', 'images/products/Women/Handbag/Tote/thumbs/882751.jpg', '2015-10-03 11:45:47'),
(983905, 'Lumi Sling 8356 Blue', 516885, 'Lumibella stylish blue sling', '3250.00', 537122, 'images/products/Women/Handbag/Sling/983905.jpg', 'images/products/Women/Handbag/Sling/thumbs/983905.jpg', '2015-10-03 11:42:51');

-- --------------------------------------------------------

--
-- Table structure for table `rateduser`
--

CREATE TABLE IF NOT EXISTS `rateduser` (
  `cid` int(6) NOT NULL,
  `pid` int(6) NOT NULL,
  `rateval` int(3) NOT NULL,
  `added` timestamp NOT NULL DEFAULT CURRENT_TIMESTAMP
) ENGINE=InnoDB DEFAULT CHARSET=latin1;

--
-- Dumping data for table `rateduser`
--

INSERT INTO `rateduser` (`cid`, `pid`, `rateval`, `added`) VALUES
(175079, 820444, 2, '2015-10-03 06:58:23');

-- --------------------------------------------------------

--
-- Table structure for table `ratings`
--

CREATE TABLE IF NOT EXISTS `ratings` (
  `pid` int(6) NOT NULL,
  `rtotal` int(10) NOT NULL,
  `rcount` int(8) NOT NULL,
  PRIMARY KEY (`pid`)
) ENGINE=InnoDB DEFAULT CHARSET=latin1;

--
-- Dumping data for table `ratings`
--

INSERT INTO `ratings` (`pid`, `rtotal`, `rcount`) VALUES
(106799, 1, 1),
(133421, 1, 1),
(214622, 1, 1),
(265644, 1, 1),
(364070, 1, 1),
(483198, 1, 1),
(495154, 1, 1),
(496108, 1, 1),
(532317, 1, 1),
(569554, 1, 1),
(613457, 1, 1),
(649943, 1, 1),
(815005, 1, 1),
(820444, 3, 2),
(836538, 1, 1),
(882751, 1, 1),
(983905, 1, 1);

-- --------------------------------------------------------

--
-- Table structure for table `shippers`
--

CREATE TABLE IF NOT EXISTS `shippers` (
  `shipperid` int(6) NOT NULL,
  `shippername` varchar(50) NOT NULL,
  `address` varchar(512) NOT NULL,
  `website` varchar(64) NOT NULL,
  `email` varchar(64) NOT NULL,
  `contact` varchar(11) NOT NULL,
  PRIMARY KEY (`shipperid`)
) ENGINE=InnoDB DEFAULT CHARSET=latin1;

--
-- Dumping data for table `shippers`
--

INSERT INTO `shippers` (`shipperid`, `shippername`, `address`, `website`, `email`, `contact`) VALUES
(161715, 'Professional Couriers', 'No.1, 1st Street, Velachery, Chennai', 'www.professionalcouriers.com', 'info@professionalcouriers.com', '9876543210');

-- --------------------------------------------------------

--
-- Table structure for table `shipping`
--

CREATE TABLE IF NOT EXISTS `shipping` (
  `shippingid` varchar(20) NOT NULL,
  `shipperid` int(6) NOT NULL,
  `orderid` int(6) NOT NULL,
  `added` timestamp NOT NULL DEFAULT CURRENT_TIMESTAMP,
  PRIMARY KEY (`shippingid`)
) ENGINE=InnoDB DEFAULT CHARSET=latin1;

--
-- Dumping data for table `shipping`
--

INSERT INTO `shipping` (`shippingid`, `shipperid`, `orderid`, `added`) VALUES
('123344', 161715, 310465, '2015-11-01 06:04:32'),
('123456', 161715, 957899, '2015-11-01 05:33:18'),
('1234567', 161715, 990858, '2015-11-01 06:07:19'),
('123457', 161715, 310465, '2015-11-01 05:56:45'),
('123468', 161715, 990858, '2015-11-01 06:13:01'),
('123488', 161715, 310465, '2015-11-01 06:00:25'),
('234567', 161715, 310465, '2015-11-01 05:54:28');

-- --------------------------------------------------------

--
-- Table structure for table `stocks`
--

CREATE TABLE IF NOT EXISTS `stocks` (
  `pid` int(6) NOT NULL,
  `quantity` int(3) NOT NULL,
  `updated` timestamp NOT NULL DEFAULT CURRENT_TIMESTAMP,
  PRIMARY KEY (`pid`)
) ENGINE=InnoDB DEFAULT CHARSET=latin1;

--
-- Dumping data for table `stocks`
--

INSERT INTO `stocks` (`pid`, `quantity`, `updated`) VALUES
(106799, 5, '2015-11-01 04:44:14'),
(133421, 0, '2015-11-05 10:17:53'),
(214622, 0, '2015-11-05 10:17:57'),
(265644, 0, '2015-11-05 10:18:00'),
(364070, 4, '2015-10-03 11:47:56'),
(483198, 6, '2015-11-03 08:12:58'),
(495154, 26, '2015-10-03 11:53:13'),
(496108, 2, '2015-10-03 11:50:50'),
(532317, 0, '2015-11-07 10:05:00'),
(569554, 4, '2015-10-03 11:52:02'),
(613457, 4, '2015-10-03 11:40:57'),
(649943, 0, '2015-10-03 11:37:14'),
(815005, 3, '2015-11-01 04:45:00'),
(820444, 28, '2015-10-03 04:59:34'),
(836538, 2, '2015-10-03 11:47:02'),
(882751, 5, '2015-10-03 11:45:47'),
(983905, 2, '2015-11-05 04:33:29');

/*!40101 SET CHARACTER_SET_CLIENT=@OLD_CHARACTER_SET_CLIENT */;
/*!40101 SET CHARACTER_SET_RESULTS=@OLD_CHARACTER_SET_RESULTS */;
/*!40101 SET COLLATION_CONNECTION=@OLD_COLLATION_CONNECTION */;
